pChEMBL Value,Molecule ChEMBL ID,Smiles,Molecule Name,Set
4.0,CHEMBL565966,COc1cc2c(c(OC)c1OC)-c1c(cc3c(c1O)OCO3)C[C@H](C)[C@](C)(O)[C@H]2OC(=O)c1ccccc1,SCHISANTHERIN A,Test
4.17,CHEMBL2313555,CCCCCC(=O)O[C@H]1c2cc(OC)c(OC)c(OC)c2-c2c(cc3c(c2OC)OCO3)C[C@H](C)[C@]1(C)O,,Test
4.31,CHEMBL4460678,N#Cc1cccc(/C=C/C(=O)c2ccc(S(=O)(=O)Nc3ccccc3)cc2)c1,,Test
4.39,CHEMBL4577143,CCN(CC)S(=O)(=O)c1ccc(C(=O)/C=C/c2cccc(O)c2)cc1,,Test
4.43,CHEMBL2313862,COc1cc2c(c(O)c1OC)-c1c(cc3c(c1OC)CCC3)C[C@H](C)[C@H](C)C2,CCHISANBICOLORIN A,Test
4.46,CHEMBL2430033,C[C@@H]1O[C@@H](O[C@H]2[C@H](O)[C@@H](O)[C@H](OC[C@H]3O[C@@H](OC(=O)[C@]45CCC(C)(C)[C@@H](O)[C@H]4C4=CC[C@@H]6[C@@]7(C)CC[C@H](O[C@@H]8OC[C@H](O)[C@H](O)[C@H]8O[C@@H]8O[C@@H](C)[C@H](O)[C@@H](O[C@@H]9OC[C@@H](O)[C@H](O)[C@H]9O)[C@H]8O)C(C)(C)[C@@H]7CC[C@@]6(C)[C@]4(C)CC5)[C@H](O)[C@@H](O)[C@@H]3O)O[C@@H]2CO)[C@H](O)[C@H](O)[C@H]1O,,Test
4.5,CHEMBL4778600,Oc1c(C(c2ccc(F)cc2)N2CCCCC2)ccc2cncnc12,,Test
4.54,CHEMBL4129767,C[C@H]1[C@H](N2CCN(C(=O)Nc3ccc(F)cc3)CC2)O[C@@H]2O[C@@]3(C)CC[C@H]4[C@H](C)CC[C@@H]1[C@@]24OO3,,Test
4.55,CHEMBL1490147,COc1ccc(C(c2cc3c(cc2O)OCO3)N2CCCCC2)cc1,,Test
4.59,CHEMBL2430030,C[C@@H]1O[C@@H](O[C@H]2[C@H](O)[C@@H](O)[C@H](OC[C@H]3O[C@@H](OC(=O)[C@]45CCC(C)(C)C[C@H]4C4=CC[C@@H]6[C@@]7(C)CC[C@H](O[C@@H]8OC[C@H](O)[C@H](O)[C@H]8O[C@@H]8O[C@@H](C)[C@H](O)[C@@H](O[C@@H]9OC[C@@H](O)[C@H](O)[C@H]9O)[C@H]8O)C(C)(C)[C@@H]7CC[C@@]6(C)[C@]4(C)CC5)[C@H](O)[C@@H](O)[C@@H]3O)O[C@@H]2CO)[C@H](O)[C@H](O)[C@H]1O,,Test
4.6,CHEMBL4454246,CCOP(=O)(OCC)C(N(OC(C)n1ccnc1)C(C)(C)C)C(C)(C)C,,Test
4.6,CHEMBL4450150,CCOP(=O)(OCC)C(N(OC(C)c1c[nH]cn1)C(C)(C)C)C(C)(C)C,,Test
4.61,CHEMBL3763919,O=C1c2ccccc2Nc2ccccc2N1Cc1cn(Cc2ccc(Cl)cc2)nn1,,Test
4.64,CHEMBL4519381,N#Cc1cccc(/C=C/C(=O)c2ccc(F)c(O)c2)c1,,Test
4.66,CHEMBL1289926,CNC(=O)c1ccccc1Sc1ccc2c(/C=C/c3ccccn3)n[nH]c2c1,AXITINIB,Test
4.73,CHEMBL515,O=C(O)CCCc1ccc(N(CCCl)CCCl)cc1,CHLORAMBUCIL,Test
4.75,CHEMBL4128893,C[C@H]1[C@H](NCc2ccc(OC(F)(F)F)cc2)O[C@@H]2O[C@@]3(C)CC[C@H]4[C@H](C)CC[C@@H]1[C@@]24OO3,,Test
4.8,CHEMBL444982,CC1(C)CC[C@]2(C(=O)O)CC[C@]3(C)C(=CC[C@@H]4[C@@]5(C)CC[C@H](O[C@@H]6OC[C@H](O)[C@H](O)[C@H]6O)C(C)(C)[C@@H]5CC[C@]43C)[C@@H]2C1,,Test
4.82,CHEMBL4127998,C[C@H]1[C@H](N2CCN(C(=O)Nc3ccc(C(F)(F)F)cc3)CC2)O[C@@H]2O[C@@]3(C)CC[C@H]4[C@H](C)CC[C@@H]1[C@@]24OO3,,Test
4.87,CHEMBL3765717,O=C1c2ccccc2Nc2ccccc2N1Cc1cn(Cc2cccc3c2OCO3)nn1,,Test
4.88,CHEMBL589912,Cc1ccnc(NC(c2ccccc2F)c2ccc3cccnc3c2O)c1,,Test
4.9,CHEMBL2435971,COc1cc2c(Oc3ccc(NC(=O)c4cc(-c5ccc(F)cc5)ccn4)cc3F)ccnc2cc1OCCCN1CCCCC1,,Test
4.92,CHEMBL4750094,COc1cccc(C(Nc2ccccn2)c2ccc3cccnc3c2O)c1,,Test
4.97,CHEMBL4464788,O=C(/C=C/c1ccc(-c2cccnc2)cc1)c1cccc(O)c1,,Test
5.0,CHEMBL3703650,Cc1ccnc(NC(c2ccccc2Cl)c2ccc3cccnc3c2O)c1,,Test
5.02,CHEMBL2087608,CC1(C)CCc2c(cc(O)c3c(=O)c4ccc(O)c(O)c4oc23)O1,ISOJACAREUBIN,Test
5.03,CHEMBL591855,CCc1ccc(C(Nc2ccccn2)c2ccc3cccnc3c2O)cc1,,Test
5.05,CHEMBL1727312,O=C1Nc2ccccc2Nc2ccccc21,,Test
5.05,CHEMBL4097171,Cc1cc(=O)n(-c2cccc(F)c2)nc1C(=O)Nc1ccc(Oc2ccnc3c2ccn3C)cc1,,Test
5.08,CHEMBL4084557,COc1ccc(-n2nc(C(=O)Nc3ccc(Oc4ccnc5[nH]ccc45)cc3)c(C)cc2=O)cc1,,Test
5.11,CHEMBL4573769,O=C(Nc1nc2ccc(F)cc2s1)c1cn(-c2ccccc2)nc1-c1ccc(Cl)cc1,,Test
5.13,CHEMBL4790355,COc1cc(C(Nc2ccc(C)cn2)c2ccc3cccnc3c2O)cc(OC)c1O,,Test
5.15,CHEMBL4754210,CCN(CCOC(=O)/C=C/C(=O)c1ccc(F)cc1)C(C(=O)NC(C)(C)C)c1cccc(C)c1,,Test
5.16,CHEMBL3765204,O=C1c2ccccc2Nc2ccccc2N1Cc1cn(Cc2ccccc2)nn1,,Test
5.18,CHEMBL2088463,CC(C)(O)c1cc2nc(N/N=C/c3cn(Cc4cccc(C#N)c4)c4ccccc34)nc(N3CCOCC3)c2s1,,Test
5.23,CHEMBL2430031,CC[C@H]1O[C@@H](O[C@H]2CO[C@@H](O[C@H]3CC[C@@]4(C)[C@@H](CC[C@]5(C)[C@@H]4CC=C4[C@@H]6CC(C)(C)CC[C@]6(C(=O)O)CC[C@]45C)[C@]3(C)CO)[C@H](O[C@@H]3O[C@@H](C)[C@H](O)[C@@H](O)[C@H]3O)[C@H]2O)[C@H](O)[C@@H](O)[C@@H]1O,,Test
5.25,CHEMBL4459949,CCCCCN(CCCCC)S(=O)(=O)c1ccc(C(=O)/C=C/c2cccc(C#N)c2)cc1,,Test
5.27,CHEMBL4441090,COc1cc2c(Oc3ccc(NC(=O)c4nc5ccccc5n(C5CCCC5)c4=O)cc3F)ccnc2cc1OCCCN1CCC(C)CC1,,Test
5.3,CHEMBL4785141,Oc1c(C(c2ccc3c(c2)CCC3)N2CCCCC2)ccc2ccoc12,,Test
5.32,CHEMBL3780698,COc1cc2c(Oc3ccc(NC(=O)c4c(Cl)c5ccccc5n(-c5ccccc5)c4=O)cc3F)ccnc2cc1OCCCN1CCOCC1,,Test
5.37,CHEMBL5557274,CC(C)=CCC1=C(NCCCCN(CCCN)Cc2ccccc2)C(=O)c2ccccc2C1=O,,Test
5.43,CHEMBL3290901,COc1cc2c(Oc3ccc(NC(=O)c4nn(-c5ccccc5C)c(=O)cc4C)cc3F)ccnc2cc1OCCCN1CCN(C)CC1,,Test
5.47,CHEMBL3116438,COc1cc(N2C(=O)NC(=O)/C(=C\Nc3ccc(Oc4ccnc5cc(OCCCN6CCC(C)CC6)c(OC)cc45)c(F)c3)C2=O)c(OC)cc1Cl,,Test
5.49,CHEMBL3600441,COc1ncc(-c2ccc3nc(NC(=O)NCC(=O)N4CCOCC4)nn3c2)cc1NS(=O)(=O)c1ccc(F)cc1,,Test
5.51,CHEMBL4103646,CN1C/C(=C\c2cc(F)c(F)cc2F)C(=O)/C(=C/c2cc(F)c(F)cc2F)C1,,Test
5.54,CHEMBL4589636,COc1cc(C(C(=O)NC(C)(C)C)N(CCC(C)C)C(=O)/C=C/C(=O)c2ccc(F)cc2)cc(OC)c1OC,,Test
5.55,CHEMBL428676,CN(C)CCN1C(=O)c2cccc3cc(N)cc(c23)C1=O,AMONAFIDE,Test
5.59,CHEMBL4875135,COc1ccc(C)c2c1CC1(C(=O)N(C)C(=O)N1C)C1=C2C(=O)c2[nH]cc(CCNC(=O)c3ccco3)c2C1=O,,Test
5.61,CHEMBL2385203,COc1cc2c(Oc3ccc(NC(=O)c4nn(-c5cccc(F)c5)c5ccccc5c4=O)cc3F)ccnc2cc1OCCCN1CCCCC1,,Test
5.63,CHEMBL4087981,Cc1cc(=O)n(-c2cccc(F)c2)nc1C(=O)Nc1ccc(Oc2ccnc3[nH]ccc23)c(F)c1,,Test
5.64,CHEMBL4076617,Cc1cc(=O)n(-c2cccc(C(F)(F)F)c2)nc1C(=O)Nc1ccc(Oc2ccnc3c2ccn3C)c(F)c1,,Test
5.67,CHEMBL2392953,COc1cc2c(Oc3ccc(NC(=O)c4cc(-c5ccc(F)cc5)nc5ccc(F)cc45)cc3F)ccnc2cc1OCCCN1CCOCC1,,Test
5.68,CHEMBL4091786,O=C1/C(=C/c2ccc(S(F)(F)(F)(F)F)cc2)CSC/C1=C\c1ccc(S(F)(F)(F)(F)F)cc1,,Test
5.7,CHEMBL3290933,COc1cc2c(Oc3ccc(NC(=O)c4nn(-c5cccc(F)c5)c(=O)cc4C)cc3F)ccnc2cc1OCCCN1CCOCC1,,Test
5.72,CHEMBL3781674,COc1cc2c(Oc3ccc(NC(=O)c4c(Cl)c5ccccc5n(-c5ccc(F)cc5)c4=O)cc3F)ccnc2cc1OCCCN1CCC(C)CC1,,Test
5.75,CHEMBL3290921,COc1ccc(-n2nc(C(=O)Nc3ccc(Oc4ccnc5cc(OCCCN6CCCCC6)c(OC)cc45)c(F)c3)c(C)cc2=O)cc1,,Test
5.77,CHEMBL2385175,COc1cc2c(Oc3ccc(NC(=O)c4nn(-c5ccccc5Cl)c5ccccc5c4=O)cc3F)ccnc2cc1OCCCN1CCOCC1,,Test
5.79,CHEMBL2435973,COc1cc2c(Oc3ccc(NC(=O)c4cc(-c5ccc(C(F)(F)F)cc5)ccn4)cc3F)ccnc2cc1OCCCN1CCCCC1,,Test
5.8,CHEMBL3781197,COc1cc2c(Oc3ccc(NC(=O)c4c(Cl)c5ccccc5n(-c5ccc(F)cc5)c4=O)cc3F)ccnc2cc1OCCCN1CCCCC1,,Test
5.8,CHEMBL2385206,COc1cc2c(Oc3ccc(NC(=O)c4nn(-c5ccc(Br)cc5)c5ccccc5c4=O)cc3F)ccnc2cc1OCCCN1CCCCC1,,Test
5.82,CHEMBL3290920,COc1cc2c(Oc3ccc(NC(=O)c4nn(-c5cccc(F)c5)c(=O)cc4C)cc3F)ccnc2cc1OCCCN1CCCCC1,,Test
5.83,CHEMBL4082724,COc1cc2c(Oc3ccc(NC(=O)c4nc5ccccc5n(-c5ccc(F)cc5)c4=O)cc3F)ccnc2cc1OCCCN1CCN(C)CC1,,Test
5.84,CHEMBL1927611,CCCCn1nnc2cc3c4c(cccc4c21)C(=O)N(CCN(C)C)C3=O,,Test
5.85,CHEMBL3290915,COc1cc2c(Oc3ccc(NC(=O)c4nn(-c5ccc(F)c(F)c5)c(=O)cc4C)cc3F)ccnc2cc1OCCCN1CCCC1,,Test
5.85,CHEMBL4451049,COc1ccccc1C(C(=O)NC1CCCCC1)N(C(=O)/C=C/C(=O)c1ccc(C)cc1)C1CCCCC1,,Test
5.87,CHEMBL2385186,COc1cc2c(Oc3ccc(NC(=O)c4nn(-c5c(Cl)cccc5Cl)c5ccccc5c4=O)cc3F)ccnc2cc1OCCCN1CCCCC1,,Test
5.87,CHEMBL2385179,COc1cc2c(Oc3ccc(NC(=O)c4nn(-c5cc(C)ccc5C)c5ccccc5c4=O)cc3F)ccnc2cc1OCCCN1CCOCC1,,Test
5.89,CHEMBL2435985,COc1cc2c(Oc3ccc(NC(=O)c4cc(-c5ccccc5)ccn4)cc3F)ccnc2cc1OCCCN1CCOCC1,,Test
5.91,CHEMBL3343392,COc1cc2c(Oc3ccc(NC(=O)c4nnn(-c5ccccc5C(F)(F)F)c4C(F)(F)F)cc3F)ccnc2cc1OCCCN1CCC(C)CC1,,Test
5.91,CHEMBL1927612,CN(C)CCN1C(=O)c2cccc3c2c(cc2nnn(CCO)c23)C1=O,,Test
5.92,CHEMBL3116445,COc1cc2c(Oc3ccc(N/C=C4\C(=O)NC(=O)N(c5c(C)cccc5C)C4=O)cc3F)ccnc2cc1OCCCN1CCCCC1,,Test
5.94,CHEMBL2435980,COc1cc2c(Oc3ccc(NC(=O)c4nccc(-c5ccc(C)cc5)n4)cc3F)ccnc2cc1OCCCN1CCCCC1,,Test
5.94,CHEMBL3343381,COc1cc2c(Oc3ccc(NC(=O)c4nnn(-c5ccccc5C(F)(F)F)c4C)cc3F)ccnc2cc1OCCCN1CCCCC1,,Test
5.95,CHEMBL3343389,COc1cc2c(Oc3ccc(NC(=O)c4nnn(-c5ccccc5C(F)(F)F)c4C)cc3F)ccnc2cc1OCCCN1CCC(C)CC1,,Test
5.96,CHEMBL3290908,COc1cc2c(Oc3ccc(NC(=O)c4nn(-c5ccccc5)c(=O)cc4C)cc3F)ccnc2cc1OCCCN1CCCC1,,Test
5.97,CHEMBL3343372,COc1cc2c(Oc3ccc(NC(=O)c4nnn(-c5ccccc5)c4C)cc3F)ccnc2cc1OCCCN1CCOCC1,,Test
5.97,CHEMBL3343365,COc1cc2c(Oc3ccc(NC(=O)c4nnn(-c5ccccc5C(F)(F)F)c4C)cc3F)ccnc2cc1OCCCN1CCCC1,,Test
5.98,CHEMBL2392950,COc1cc2c(Oc3ccc(NC(=O)c4cc(-c5ccc(C)cc5)nc5ccc(F)cc45)cc3F)ccnc2cc1OCCCN1CCCCC1,,Test
6.0,CHEMBL3290910,COc1cc2c(Oc3ccc(NC(=O)c4nn(-c5ccccc5C(F)(F)F)c(=O)cc4C)cc3F)ccnc2cc1OCCCN1CCCC1,,Test
6.0,CHEMBL2435998,COc1cc2c(Oc3ccc(NC(=O)c4cc(-c5ccccc5)ccn4)cc3F)ccnc2cc1OCCCN1CCN(C)CC1,,Test
6.01,CHEMBL3601924,COc1ncc(-c2ccc3nc(NC(=O)NCCN(C)C)nn3c2)cc1NS(=O)(=O)c1ccc(F)cc1,,Test
6.04,CHEMBL2435961,COc1cc2c(Oc3ccc(NC(=O)c4nccc(-c5ccc(F)cc5)n4)cc3F)ccnc2cc1OCCCN1CCN(C)CC1,,Test
6.07,CHEMBL2385196,COc1cc2c(Oc3ccc(NC(=O)c4nn(-c5cccc(C(F)(F)F)c5)c5ccccc5c4=O)cc3F)ccnc2cc1OCCCN1CCCC1,,Test
6.09,CHEMBL2392818,COc1cc2c(Oc3ccc(NC(=O)c4cc(-c5ccc(C)cc5)nc5ccc(F)cc45)cc3F)ccnc2cc1OCCCN1CCOCC1,,Test
6.1,CHEMBL2435969,COc1cc2c(Oc3ccc(NC(=O)c4cc(-c5ccccc5)ccn4)cc3F)ccnc2cc1OCCCN1CCCCC1,,Test
6.12,CHEMBL3116234,COc1cc2c(Oc3ccc(N/C=C4\C(=O)NC(=O)N(c5ccc(F)c(Cl)c5)C4=O)cc3F)ccnc2cc1OCCCN1CCN(C)CC1,,Test
6.13,CHEMBL3426225,CCn1nc(C#Cc2cc(C(=O)Nc3ccc(CN4CCN(C)CC4)c(C(F)(F)F)c3)ccc2C)c2c(N)ncnc21,,Test
6.16,CHEMBL2392948,COc1cc2c(Oc3ccc(NC(=O)c4cc(-c5ccccc5)nc5ccc(F)cc45)cc3F)ccnc2cc1OCCCN1CCCCC1,,Test
6.19,CHEMBL4476032,COc1cc2c(Oc3ccc(NC(=O)c4nc5ccccc5n(Cc5ccc(F)cc5)c4=O)cc3F)ccnc2cc1OCCCN1CCOCC1,,Test
6.21,CHEMBL2435997,COc1cc2c(Oc3ccc(NC(=O)c4cc(-c5ccccc5F)ccn4)cc3F)ccnc2cc1OCCCN1CCCC1,,Test
6.25,CHEMBL3601926,COc1ncc(-c2ccc3nc(NC(=O)NCCN4CCOCC4)nn3c2)cc1NS(=O)(=O)c1ccc(F)cc1,,Test
6.27,CHEMBL2385194,COc1cc2c(Oc3ccc(NC(=O)c4nn(-c5ccc(Cl)c(C(F)(F)F)c5)c5ccccc5c4=O)cc3F)ccnc2cc1OCCCN1CCC(C)CC1,,Test
6.33,CHEMBL3923330,COc1ncc(-c2ccc3nccc(-c4ccc(CN5CCN(C(C)C)CC5)cc4)c3c2)cc1NS(=O)(=O)c1ccc(F)cc1F,,Test
6.46,CHEMBL2385195,COc1cc2c(Oc3ccc(NC(=O)c4nn(-c5ccccc5C(F)(F)F)c5ccccc5c4=O)cc3F)ccnc2cc1OCCCN1CCCC1,,Test
6.8,CHEMBL2380760,NS(=O)(=O)c1cccc2c1C(=O)c1cccc(O)c1C2=O,,Test
6.96,CHEMBL2392819,COc1cc2c(Oc3ccc(NC(=O)c4cc(-c5cccc(Cl)c5)nc5ccc(F)cc45)cc3F)ccnc2cc1OCCCN1CCC(C)CC1,,Test
7.5,CHEMBL3914319,COc1ncc(-c2ccc3nccc(-c4ccc(CN5CCCCC5)cc4)c3c2)cc1NS(=O)(=O)c1ccc(F)cc1F,,Test
7.75,CHEMBL2419667,COc1cc2c(Oc3ccc(NC(=O)N/N=C/c4ccc(F)cc4F)cc3F)ccnc2cc1OCCCN1CCCCC1,,Test
8.28,CHEMBL5188413,C#CCOc1c(OC)cc(C2C(C#N)=C(N)Oc3c2ccc2ccccc32)cc1OC,,Test
4.06,CHEMBL4776190,Oc1ccc2[nH]ncc2c1C(c1ccc(F)cc1)N1CCCCC1,,Train
4.12,CHEMBL4567542,O=C(/C=C/c1ccc(Br)cc1)c1cccc(O)c1,,Train
4.13,CHEMBL153117,COC(=O)[C@@]12CC[C@]3(C)[C@H](CC[C@@H]4[C@@]5(C)CC[C@H](OC(C)=O)C(C)(C)[C@@H]5CC[C@]43C)C1=C(C(C)C)C(=O)C2=O,,Train
4.16,CHEMBL2313858,CCCCCCCCCCCC(=O)O[C@H]1c2cc(OC)c(OC)c(OC)c2-c2c(cc3c(c2OC)OCO3)C[C@H](C)[C@]1(C)O,,Train
4.17,CHEMBL3985191,COc1ncc(-c2ccc3nccc(-c4ccc(C)cc4)c3c2)cc1NS(=O)(=O)c1ccc(F)cc1F,,Train
4.21,CHEMBL2313556,CCCCCCC(=O)O[C@H]1c2cc(OC)c(OC)c(OC)c2-c2c(cc3c(c2OC)OCO3)C[C@H](C)[C@]1(C)O,,Train
4.23,CHEMBL2313857,CCCCCCCCCC(=O)O[C@H]1c2cc(OC)c(OC)c(OC)c2-c2c(cc3c(c2OC)OCO3)C[C@H](C)[C@]1(C)O,,Train
4.24,CHEMBL2430036,C[C@@H]1O[C@@H](O[C@H]2[C@H](O[C@H]3CC[C@]4(C)[C@H]5CC=C6[C@@H]7[C@H](O)C(C)(C)CC[C@]7(C(=O)O)CC[C@@]6(C)[C@]5(C)CC[C@H]4C3(C)C)OC[C@H](O[C@@H]3O[C@H](CO)[C@@H](O)[C@H](O)[C@H]3O)[C@@H]2O)[C@H](O)[C@H](O[C@@H]2OC[C@@H](O)[C@H](O)[C@H]2O)[C@H]1O,,Train
4.32,CHEMBL3764611,O=C1c2ccccc2Nc2ccccc2N1Cc1cn(Cc2ccccc2F)nn1,,Train
4.36,CHEMBL2430035,C[C@@H]1O[C@@H](O[C@H]2[C@H](O)[C@@H](O)[C@H](OC[C@H]3O[C@@H](OC(=O)[C@]45CCC(C)(C)[C@@H](O)[C@H]4C4=CC[C@@H]6[C@@]7(C)CC[C@H](O[C@@H]8OC[C@H](O[C@@H]9O[C@H](CO)[C@@H](O)[C@H](O)[C@H]9O)[C@H](O)[C@H]8O[C@@H]8O[C@@H](C)[C@H](O)[C@@H](O[C@@H]9OC[C@@H](O)[C@H](O)[C@H]9O)[C@H]8O)C(C)(C)[C@@H]7CC[C@@]6(C)[C@]4(C)CC5)[C@H](O)[C@@H](O)[C@@H]3O)O[C@@H]2CO)[C@H](O)[C@H](O)[C@H]1O,,Train
4.36,CHEMBL495641,CC1(C)CC[C@]2(C(=O)O)CC[C@]3(C)C(=CC[C@@H]4[C@@]5(C)CC[C@H](O)C(C)(C)[C@@H]5CC[C@]43C)[C@@H]2[C@@H]1O,SIARESINOLIC ACID,Train
4.36,CHEMBL4757693,Oc1c(C(c2ccc(F)cc2)N2CCNCC2)ccc2cncnc12,,Train
4.39,CHEMBL4443827,COc1ccc2nc(NC(=O)c3cn(-c4ccccc4)nc3-c3ccccc3)sc2c1,,Train
4.4,CHEMBL4791006,COc1cccc(C(c2cc3c(cc2O)OC(F)(F)O3)N2CCOCC2)c1OC,,Train
4.41,CHEMBL3765034,O=C1c2ccccc2Nc2ccccc2N1Cc1cn(Cc2cccc([N+](=O)[O-])c2)nn1,,Train
4.42,CHEMBL3763753,O=C1c2ccccc2Nc2ccccc2N1Cc1cn(Cc2ccc(F)cc2)nn1,,Train
4.43,CHEMBL4749576,Oc1c(C(c2ccc(F)cc2)N2CCCCC2)ccc2cccnc12,,Train
4.43,CHEMBL375563,CC(C)=CCC[C@](C)(O)[C@H]1CC[C@]2(C)[C@@H]1[C@H](O)C[C@@H]1[C@@]3(C)CC[C@H](O)C(C)(C)[C@@H]3CC[C@]12C,,Train
4.44,CHEMBL486400,CC1(C)CC[C@]2(C(=O)O)CC[C@]3(C)C(=CC[C@@H]4[C@@]5(C)CC[C@H](O)[C@@](C)(CO)[C@@H]5CC[C@]43C)[C@@H]2C1,HEDERAGENIN,Train
4.44,CHEMBL3262845,Cn1cnnc1-c1cc(Oc2ccc(NC(=O)N/N=C/c3ccccc3)cc2F)ccn1,,Train
4.48,CHEMBL3763427,O=C1c2ccccc2Nc2ccccc2N1Cc1cn(Cc2ccc([N+](=O)[O-])cc2)nn1,,Train
4.48,CHEMBL4476739,Cc1ccc2nc(NC(=O)c3cn(-c4ccccc4)nc3-c3ccc(Cl)cc3)sc2c1,,Train
4.48,CHEMBL4747596,COc1cccc(C(c2ccc3cccnc3c2O)N2CCOCC2)c1OC,,Train
4.5,CHEMBL1436701,COc1cccc(C(c2cc3c(cc2O)OCO3)N2CCOCC2)c1OC,,Train
4.51,CHEMBL3764489,COc1ccc(OC)c(Cn2cc(CN3C(=O)c4ccccc4Nc4ccccc43)nn2)c1,,Train
4.51,CHEMBL4438947,O=C(/C=C/c1ccc(B(O)O)cc1)c1ccccc1,,Train
4.53,CHEMBL2430037,C[C@@H]1O[C@@H](O[C@H]2[C@H](O[C@H]3CC[C@@]4(C)[C@@H](CC[C@]5(C)[C@@H]4CC=C4[C@@H]6CC(C)(C)CC[C@]6(C(=O)O)CC[C@]45C)[C@]3(C)CO)OC[C@H](O[C@@H]3O[C@H](CO)[C@@H](O[C@@H]4O[C@H](CO)[C@@H](O)[C@H](O)[C@H]4O)[C@H](O)[C@H]3O)[C@@H]2O)[C@H](O)[C@H](O[C@@H]2OC[C@@H](O)[C@H](O)[C@H]2O)[C@H]1O,,Train
4.54,CHEMBL4550951,N#Cc1ccc(/C=C/C(=O)c2ccc(O)c(F)c2)cc1,,Train
4.54,CHEMBL2430032,C[C@@H]1O[C@@H](O[C@H]2[C@H](O)[C@@H](O)[C@H](OC[C@H]3O[C@@H](OC(=O)[C@]45CCC(C)(C)[C@@H](O)[C@H]4C4=CC[C@@H]6[C@@]7(C)CC[C@H](O[C@@H]8OC[C@H](O[C@@H]9O[C@H](CO)[C@@H](O)[C@H](O)[C@H]9O)[C@H](O)[C@H]8O)C(C)(C)[C@@H]7CC[C@@]6(C)[C@]4(C)CC5)[C@H](O)[C@@H](O)[C@@H]3O)O[C@@H]2CO)[C@H](O)[C@H](O)[C@H]1O,,Train
4.54,CHEMBL4449607,N#Cc1cccc(/C=C/C(=O)c2ccc(O)c(F)c2)c1,,Train
4.54,CHEMBL4520508,COC(=O)c1cccc(/C=C/C(=O)c2ccc(O)cc2)c1,,Train
4.55,CHEMBL4126483,C[C@H]1[C@H](Nc2ccc(SC(F)(F)F)cc2)O[C@@H]2O[C@@]3(C)CC[C@H]4[C@H](C)CC[C@@H]1[C@@]24OO3,,Train
4.55,CHEMBL4796914,Oc1c(C(c2ccc(F)cc2)N2CCCCC2)ccc2c1CCC2,,Train
4.56,CHEMBL1485589,COc1ccccc1C(c1cc2c(cc1O)OCO2)N1CCOCC1,,Train
4.57,CHEMBL1554780,COc1cc(C(c2cc3c(cc2O)OCO3)N2CCOCC2)ccc1O,,Train
4.58,CHEMBL4537633,N#Cc1ccc(/C=C/C(=O)c2ccc(O)c(C(F)(F)F)c2)cc1,,Train
4.59,CHEMBL4127714,C[C@H]1[C@H](N2CCN(c3ccc(F)cc3)CC2)O[C@@H]2O[C@@]3(C)CC[C@H]4[C@H](C)CC[C@@H]1[C@@]24OO3,,Train
4.59,CHEMBL4447323,CCCN(CCC)S(=O)(=O)c1ccc(C(=O)/C=C/c2cccc(C#N)c2)cc1,,Train
4.6,CHEMBL4440176,CCOP(=O)(OCC)C(N(OC(C)c1nccn1C)C(C)(C)C)C(C)(C)C,,Train
4.6,CHEMBL4521917,CCOP(=O)(OCC)C(N(OC(C)c1n(C)cc[n+]1C)C(C)(C)C)C(C)(C)C,,Train
4.6,CHEMBL4446669,O=C(/C=C/c1ccc(-c2ccncc2)cc1)c1cccc(O)c1,,Train
4.6,CHEMBL4467693,CCOP(=O)(OCC)C(N(OC(C)n1cc[n+](C)c1)C(C)(C)C)C(C)(C)C,,Train
4.6,CHEMBL4518892,CCOP(=O)(OCC)C(N(OC(C)c1cn(C)c[n+]1C)C(C)(C)C)C(C)(C)C,,Train
4.6,CHEMBL4451152,CCOP(=O)(OCC)C(N(OC(C)c1ncc[nH]1)C(C)(C)C)C(C)(C)C,,Train
4.6,CHEMBL4437294,CCOP(=O)(OCC)C(N(OC(C)c1cn(C)cn1)C(C)(C)C)C(C)(C)C,,Train
4.61,CHEMBL1604428,COc1ccc(C(c2cc3c(cc2O)OCO3)N2CCCCC2)cc1OC,,Train
4.61,CHEMBL4752105,CN(C)c1ccc(C(c2cc3c(cc2O)OCO3)N2CCCCC2)cc1,,Train
4.61,CHEMBL4513992,N#Cc1cccc(/C=C/C(=O)c2ccc(B(O)O)cc2)c1,,Train
4.62,CHEMBL1557864,COc1cc(C(c2cc3c(cc2O)OCO3)N2CCCC2)cc(OC)c1OC,,Train
4.62,CHEMBL4163437,COC(=O)C1=C(C)NC(C)=C(C(C)=O)C1c1ccc(N(CCCl)CCCl)cc1,,Train
4.62,CHEMBL4174791,COC(=O)C1=C(C)NC(C)=C(C(=O)OC)C1c1ccc(OCCN(CCCl)CCCl)cc1,,Train
4.63,CHEMBL4456054,Cc1ccc2nc(NC(=O)c3cn(-c4ccccc4)nc3-c3ccccc3)sc2c1,,Train
4.65,CHEMBL3765648,C#CCN1C(=O)c2ccccc2Nc2ccccc21,,Train
4.65,CHEMBL2088441,Fc1ccccc1Cn1cc(/C=N/Nc2nc(N3CCOCC3)c3sccc3n2)c2ccccc21,,Train
4.65,CHEMBL3263123,COc1cc(/C=N/NC(=O)Nc2ccc(Oc3ccnc(-c4nncn4CCN(C)C)c3)c(F)c2)cc(OC)c1OC,,Train
4.65,CHEMBL1450405,COc1ccc(C(c2cc3c(cc2O)OCO3)N2CCCC2)cc1,,Train
4.67,CHEMBL4460474,COc1ccc2nc(NC(=O)c3cn(-c4ccccc4)nc3-c3ccc(Cl)cc3)sc2c1,,Train
4.69,CHEMBL2095087,Cc1ccnc(NC(c2ccc3cccnc3c2O)c2c(F)cccc2Cl)c1,,Train
4.71,CHEMBL4126612,C[C@H]1[C@H](N2CCN(C(=O)Nc3ccc(OC(F)(F)F)cc3)CC2)O[C@@H]2O[C@@]3(C)CC[C@H]4[C@H](C)CC[C@@H]1[C@@]24OO3,,Train
4.72,CHEMBL222760,CC(C)[C@@H]1CC[C@]2(C(=O)O)CC[C@]3(C)[C@H](CC[C@@H]4[C@@]5(C)Cc6nccnc6C(C)(C)[C@@H]5CC[C@]43C)[C@@H]12,,Train
4.73,CHEMBL168,CC1(C)CC[C@]2(C(=O)O)CC[C@]3(C)C(=CC[C@@H]4[C@@]5(C)CC[C@H](O)C(C)(C)[C@@H]5CC[C@]43C)[C@@H]2C1,OLEANOLIC_ACID,Train
4.73,CHEMBL452911,CC1(C)CC[C@]2(C(=O)O)CC[C@]3(C)C(=CC[C@@H]4[C@@]5(C)CC[C@H](O[C@@H]6OC[C@H](O)[C@H](O)[C@H]6O)[C@@](C)(CO)[C@@H]5CC[C@]43C)[C@@H]2C1,,Train
4.74,CHEMBL1565145,COc1ccc(C(c2cc3c(cc2O)OCO3)N2CCOCC2)cc1OC,,Train
4.75,CHEMBL4572589,CCN(CC)S(=O)(=O)c1ccc(C(=O)/C=C/c2cccc(C#N)c2)cc1,,Train
4.76,CHEMBL2430034,C[C@@H]1O[C@@H](O[C@H]2[C@H](O)[C@@H](O)[C@H](OC[C@H]3O[C@@H](OC(=O)[C@]45CCC(C)(C)C[C@H]4C4=CC[C@@H]6[C@@]7(C)CC[C@H](O[C@@H]8OC[C@H](O[C@@H]9O[C@H](CO)[C@@H](O)[C@H](O)[C@H]9O)[C@H](O)[C@H]8O[C@@H]8O[C@@H](C)[C@H](O)[C@@H](O[C@@H]9OC[C@@H](O)[C@H](O)[C@H]9O)[C@H]8O)C(C)(C)[C@@H]7CC[C@@]6(C)[C@]4(C)CC5)[C@H](O)[C@@H](O)[C@@H]3O)O[C@@H]2CO)[C@H](O)[C@H](O)[C@H]1O,,Train
4.76,CHEMBL447565,C[C@@H]1O[C@@H](O[C@H]2[C@H](O[C@H]3CC[C@@]4(C)[C@@H](CC[C@]5(C)[C@@H]4CC=C4[C@@H]6CC(C)(C)CC[C@]6(C(=O)O)CC[C@]45C)[C@]3(C)CO)OC[C@H](O)[C@@H]2O)[C@H](O)[C@H](O)[C@H]1O,ALPHA-HEDERIN,Train
4.77,CHEMBL4584988,CCCCN(CCCC)S(=O)(=O)c1ccc(C(=O)/C=C/c2cccc(C#N)c2)cc1,,Train
4.78,CHEMBL4483086,COC(=O)c1cccc(/C=C/C(=O)c2cccc(O)c2)c1,,Train
4.81,CHEMBL3262861,CN(C)CCn1cnnc1-c1cc(Oc2ccc(NC(=O)N/N=C/c3ccc(O)cc3O)cc2F)ccn1,,Train
4.81,CHEMBL2088440,Clc1ccc(Cn2cc(/C=N/Nc3nc(N4CCOCC4)c4sccc4n3)c3ccccc32)cc1,,Train
4.81,CHEMBL1336,CNC(=O)c1cc(Oc2ccc(NC(=O)Nc3ccc(Cl)c(C(F)(F)F)c3)cc2)ccn1,SORAFENIB,Train
4.82,CHEMBL4470548,CCCCCN(CCCCC)S(=O)(=O)c1ccc(C(=O)/C=C/c2cccc(O)c2)cc1,,Train
4.82,CHEMBL4459634,N#Cc1ccc(/C=C/C(=O)c2ccc(O)cc2)cc1,,Train
4.82,CHEMBL4452177,Cc1ccc(C(=O)/C=C/C(=O)N(C2CC2)C(C(=O)NCc2ccccc2)c2ncc(C)cn2)cc1,,Train
4.86,CHEMBL1171448,C[C@@H]1O[C@@H](O[C@H]2[C@H](O)[C@@H](O)[C@H](OC[C@H]3O[C@@H](OC(=O)[C@]45CCC(C)(C)C[C@H]4C4=CC[C@@H]6[C@@]7(C)CC[C@H](O)C(C)(C)[C@@H]7CC[C@@]6(C)[C@]4(C)CC5)[C@H](O)[C@@H](O)[C@@H]3O)O[C@@H]2CO)[C@H](O)[C@H](O)[C@H]1O,CIRENSENOSIDE O,Train
4.86,CHEMBL4797378,Cc1ccc(C)c(C(Nc2ccccn2)c2ccc3cccnc3c2O)c1,,Train
4.87,CHEMBL2088455,Clc1ccc(Cn2c(/C=N/Nc3nc(N4CCOCC4)c4sccc4n3)nc3ccccc32)cc1,,Train
4.87,CHEMBL1360494,COc1cc(OC)c(C(c2cc3c(cc2O)OCO3)N2CCOCC2)c(OC)c1,,Train
4.87,CHEMBL4472710,COC(=O)c1cccc(/C=C/C(=O)c2ccc(CO)c(Br)c2)c1,,Train
4.88,CHEMBL3262852,CN(C)CCn1cnnc1-c1cc(Oc2ccc(NC(=O)N/N=C/c3cccc(Cl)c3Cl)cc2F)ccn1,,Train
4.89,CHEMBL4465102,COc1ccc(CCn2c(=O)c(C(=O)Nc3ccc(Oc4ccnc5cc(OCCCN6CCOCC6)c(OC)cc45)c(F)c3)nc3ccccc32)cc1,,Train
4.89,CHEMBL4776561,Oc1cc2c(cc1C(c1ccc(F)cc1)N1CCCCC1)CCC2,,Train
4.9,CHEMBL3262867,COc1ccc(/C=N/NC(=O)Nc2ccc(Oc3ccnc(-c4nncn4CCN(C)C)c3)c(F)c2)c(OC)c1,,Train
4.9,CHEMBL4078622,Cc1cc(=O)n(-c2ccc(F)c(Cl)c2)nc1C(=O)Nc1ccc(Oc2ccnc3c2ccn3C)cc1,,Train
4.9,CHEMBL2088442,Fc1cccc(Cn2cc(/C=N/Nc3nc(N4CCOCC4)c4sccc4n3)c3ccccc32)c1,,Train
4.9,CHEMBL4534317,O=C(Nc1nc2ccc(F)cc2s1)c1cn(-c2ccccc2)nc1-c1ccc(F)cc1,,Train
4.91,CHEMBL44657,COc1cc([C@@H]2c3cc4c(cc3[C@@H](O[C@@H]3O[C@@H]5CO[C@@H](C)O[C@H]5[C@H](O)[C@H]3O)[C@H]3COC(=O)[C@H]23)OCO4)cc(OC)c1O,ETOPOSIDE,Train
4.91,CHEMBL3262856,CN(C)CCn1cnnc1-c1cc(Oc2ccc(NC(=O)N/N=C/c3ccc(O)c(Br)c3)cc2F)ccn1,,Train
4.94,CHEMBL4520670,COC(=O)c1cccc(/C=C/C(=O)c2ccc(O)c(C(F)(F)F)c2)c1,,Train
4.94,CHEMBL4567644,COc1ccc(-c2nn(-c3ccccc3)cc2C(=O)Nc2nc3ccccc3s2)cc1,,Train
4.94,CHEMBL4465942,O=C(Nc1nc2ccccc2s1)c1cn(-c2ccccc2)nc1-c1ccc(Cl)cc1,,Train
4.95,CHEMBL2088450,CC(C)(C)c1ccc(Cn2cc(/C=N/Nc3nc(N4CCOCC4)c4sccc4n3)c3ccccc32)cc1,,Train
4.97,CHEMBL4593471,O=C(Nc1nc2ccccc2s1)c1cn(-c2ccccc2)nc1-c1ccc(F)cc1,,Train
4.97,CHEMBL590899,Oc1c(C(Nc2ccccn2)c2ccc(Cl)cc2)ccc2cccnc12,,Train
4.97,CHEMBL4472807,O=C(/C=C/c1ccc(-n2cnc3ccccc32)cc1)c1cccc(O)c1,,Train
4.99,CHEMBL4545330,N#Cc1cccc(/C=C/C(=O)c2ccc(O)cc2)c1,,Train
5.0,CHEMBL4792039,Oc1ccc2ncccc2c1C(c1ccc(F)cc1)N1CCCCC1,,Train
5.0,CHEMBL600752,Cc1cc(C)c(C(Nc2ccccn2)c2ccc3cccnc3c2O)c(C)c1,,Train
5.01,CHEMBL2088444,N#Cc1cccc(Cn2cc(/C=N/Nc3nc(N4CCOCC4)c4sccc4n3)c3ccccc32)c1,,Train
5.02,CHEMBL5174779,CC(C)C[C@@H]1NC(=O)[C@@H](NC(=O)[C@@H]2CCC(=O)N2)[C@H](C(C)C)c2ccc3c4c([nH]c3c2)-n2cnc(c2)C[C@@H](C(=O)O)NC(=O)CNC(=O)[C@H](CCCNC(=N)N)NC(=O)[C@H](C4)NC(=O)[C@H](C(C)C)NC1=O,,Train
5.029999999999999,CHEMBL4459518,CN(CCOC(=O)/C=C/C(=O)c1ccc(F)cc1)C(C(=O)NC(C)(C)C)c1ccc(F)cc1,,Train
5.03,CHEMBL4088695,Cc1cc(=O)n(-c2cccc(C(F)(F)F)c2)nc1C(=O)Nc1ccc(Oc2ccnc3c2ccn3C)cc1,,Train
5.03,CHEMBL4103455,Cc1cc(=O)n(-c2ccc(Cl)cc2Cl)nc1C(=O)Nc1ccc(Oc2ccnc3[nH]ccc23)cc1,,Train
5.03,CHEMBL2094875,Oc1c(C(Nc2ccccn2)c2ccccc2Cl)ccc2cccnc12,,Train
5.03,CHEMBL4799197,Cc1ccnc(NC(c2ccc(OCc3ccccc3)cc2)c2ccc3cccnc3c2O)c1,,Train
5.04,CHEMBL4755661,Cc1ccnc(NC(c2cccc(F)c2)c2ccc3cccnc3c2O)c1,,Train
5.05,CHEMBL4562600,COc1ccc(-c2nn(-c3ccccc3)cc2C(=O)Nc2nc3ccc(F)cc3s2)cc1,,Train
5.05,CHEMBL2088443,Fc1ccc(Cn2cc(/C=N/Nc3nc(N4CCOCC4)c4sccc4n3)c3ccccc32)cc1,,Train
5.05,CHEMBL576209,CCc1ccc(C(Nc2cc(C)ccn2)c2ccc3cccnc3c2O)cc1,,Train
5.05,CHEMBL2088458,CC(C)(O)c1cc2nc(N/N=C/c3cn(Cc4cccc(Cl)c4)c4ccccc34)nc(N3CCOCC3)c2s1,,Train
5.05,CHEMBL4776896,Oc1c(C(c2ccc3c(c2)OC(F)(F)O3)N2CCCCC2)ccc2ccoc12,,Train
5.05,CHEMBL4447316,O=C(Nc1nc2ccccc2s1)c1cn(-c2ccccc2)nc1-c1ccccc1,,Train
5.06,CHEMBL4062301,O=C(/C=C/c1ccc(S(F)(F)(F)(F)F)cc1)/C=C/c1ccc(S(F)(F)(F)(F)F)cc1,,Train
5.06,CHEMBL4536596,COc1ccc(-c2nn(-c3ccccc3)cc2C(=O)Nc2nc3ccc(Cl)cc3s2)cc1,,Train
5.07,CHEMBL3116222,COc1cc2c(Oc3ccc(N/C=C4\C(=O)NC(=O)N(c5ccc(C)cc5)C4=O)cc3F)ccnc2cc1OCCCN1CCOCC1,,Train
5.07,CHEMBL3780761,COc1cc2c(Oc3ccc(NC(=O)c4c(Cl)c5ccccc5n(-c5ccc(F)cc5)c4=O)cc3F)ccnc2cc1OCCCN1CCOCC1,,Train
5.08,CHEMBL4739941,CN(CCOC(=O)/C=C/C(=O)c1ccc(F)cc1)C(C(=O)NC(C)(C)C)c1ccccc1F,,Train
5.09,CHEMBL428647,CC(=O)O[C@H]1C(=O)[C@@]2(C)[C@H]([C@H](OC(=O)c3ccccc3)[C@]3(O)C[C@H](OC(=O)[C@H](O)[C@@H](NC(=O)c4ccccc4)c4ccccc4)C(C)=C1C3(C)C)[C@]1(OC(C)=O)CO[C@@H]1C[C@@H]2O,PACLITAXEL,Train
5.1,CHEMBL4793784,Cc1cccc(C(C(=O)NC(C)(C)C)N(C)CCOC(=O)/C=C/C(=O)c2ccc(F)cc2)c1,,Train
5.11,CHEMBL521851,CS(=O)(=O)N1CCN(Cc2cc3nc(-c4cccc5[nH]ncc45)nc(N4CCOCC4)c3s2)CC1,PICTILISIB,Train
5.11,CHEMBL2088461,CC(C)(O)c1cc2nc(N/N=C/c3cn(Cc4cccc(F)c4)c4ccccc34)nc(N3CCOCC3)c2s1,,Train
5.11,CHEMBL3262860,CN(C)CCn1cnnc1-c1cc(Oc2ccc(NC(=O)N/N=C/c3ccc(O)cc3)cc2F)ccn1,,Train
5.11,CHEMBL3262865,Cc1cc(/C=N/NC(=O)Nc2ccc(Oc3ccnc(-c4nncn4CCN(C)C)c3)c(F)c2)cc(C)c1O,,Train
5.12,CHEMBL3263122,COc1ccc(/C=N/NC(=O)Nc2ccc(Oc3ccnc(-c4nncn4CCN(C)C)c3)c(F)c2)c(OC)c1OC,,Train
5.13,CHEMBL2088459,CC(C)(O)c1cc2nc(N/N=C/c3cn(Cc4ccc(Cl)cc4)c4ccccc34)nc(N3CCOCC3)c2s1,,Train
5.14,CHEMBL4762974,Cc1ccnc(NC(c2ccc3cccnc3c2O)c2c(Cl)cccc2Cl)c1,,Train
5.14,CHEMBL465843,COc1cc(/C=C/C(=O)N2CCC=CC2=O)cc(OC)c1OC,PIPLARTINE,Train
5.15,CHEMBL3262858,CN(C)CCn1cnnc1-c1cc(Oc2ccc(NC(=O)N/N=C/c3ccccc3O[N+](=O)[O-])cc2F)ccn1,,Train
5.15,CHEMBL3116223,COc1cc2c(Oc3ccc(N/C=C4\C(=O)NC(=O)N(c5c(C)cccc5C)C4=O)cc3F)ccnc2cc1OCCCN1CCOCC1,,Train
5.15,CHEMBL4792536,CN(CCOC(=O)/C=C/C(=O)c1ccc(F)cc1)C(C(=O)NC(C)(C)C)c1ccc(F)c(F)c1,,Train
5.15,CHEMBL4791226,Cc1cccc(C(C(=O)NC2CCCCC2)N(C)CCOC(=O)/C=C/C(=O)c2ccc(F)cc2)c1,,Train
5.16,CHEMBL4764456,Oc1c(C(Nc2ccccn2)c2c(Cl)cccc2Cl)ccc2cccnc12,,Train
5.16,CHEMBL4745896,Cc1ccc(C(C(=O)NC(C)(C)C)N(C)CCOC(=O)/C=C/C(=O)c2ccc(F)cc2)cc1,,Train
5.17,CHEMBL4465698,O=C(Nc1nc2ccc(Cl)cc2s1)c1cn(-c2ccccc2)nc1-c1ccc(F)cc1,,Train
5.17,CHEMBL2435986,COc1cc2c(Oc3ccc(NC(=O)c4cc(-c5ccc(C)cc5)ccn4)cc3F)ccnc2cc1OCCCN1CCOCC1,,Train
5.17,CHEMBL3923855,COc1ncc(-c2ccc3nccc(N4CCCC4)c3c2)cc1NS(=O)(=O)c1ccc(F)cc1F,,Train
5.19,CHEMBL3262868,COc1ccc(OC)c(/C=N/NC(=O)Nc2ccc(Oc3ccnc(-c4nncn4CCN(C)C)c3)c(F)c2)c1,,Train
5.2,CHEMBL1927616,CCCCn1nnc2cc3c4c(cccc4c21)C(=O)N(CCCN(C)C)C3=O,,Train
5.2,CHEMBL4093275,Cc1cc(=O)n(-c2ccccc2F)nc1C(=O)Nc1ccc(Oc2ccnc3[nH]ccc23)c(F)c1,,Train
5.22,CHEMBL2088439,Clc1cccc(Cn2cc(/C=N/Nc3nc(N4CCOCC4)c4sccc4n3)c3ccccc32)c1,,Train
5.23,CHEMBL4786625,Cc1ccc(C(=O)/C=C/C(=O)OCCN(C)C(C(=O)NC2CCCCC2)c2ccc(F)cc2)cc1,,Train
5.23,CHEMBL4446129,O=C(Nc1nc2ccc(Cl)cc2s1)c1cn(-c2ccccc2)nc1-c1ccc(Cl)cc1,,Train
5.23,CHEMBL4452505,COc1ccc(-c2nn(-c3ccccc3)cc2C(=O)Nc2nc3ccc(OC)cc3s2)cc1,,Train
5.25,CHEMBL4089464,Cc1cc(=O)n(-c2cccc(Br)c2)nc1C(=O)Nc1ccc(Oc2ccnc3c2ccn3C)cc1,,Train
5.25,CHEMBL4446068,O=C(Nc1nc2ccc(F)cc2s1)c1cn(-c2ccccc2)nc1-c1ccccc1,,Train
5.26,CHEMBL1668698,CN1CCN(c2ccc3nc(-c4ccc5nc(-c6ccc(F)cc6F)[nH]c5c4)[nH]c3c2)CC1,,Train
5.26,CHEMBL4104755,Cc1cc(=O)n(-c2ccc(F)cc2)nc1C(=O)Nc1ccc(Oc2ccnc3[nH]ccc23)cc1,,Train
5.26,CHEMBL1173154,COc1cc(/C=C/C(=O)/C=C(O)/C=C/c2ccc(O)cc2)ccc1O,,Train
5.28,CHEMBL4436126,COc1cc2c(Oc3ccc(NC(=O)c4nc5ccccc5n(C5CCCC5)c4=O)cc3F)ccnc2cc1OCCCN1CCCCC1,,Train
5.29,CHEMBL3779942,COc1cc2c(Oc3ccc(NC(=O)c4c(Cl)c5ccccc5n(-c5ccc(C)cc5)c4=O)cc3F)ccnc2cc1OCCCN1CCOCC1,,Train
5.3,CHEMBL2088449,Cc1ccc(Cn2cc(/C=N/Nc3nc(N4CCOCC4)c4sccc4n3)c3ccccc32)cc1,,Train
5.3,CHEMBL4445854,O=C(Nc1nc2ccc(Cl)cc2s1)c1cn(-c2ccccc2)nc1-c1ccccc1,,Train
5.3,CHEMBL4753733,Oc1c(C(c2ccc(C(F)(F)F)cc2)N2CCCCC2)ccc2ccoc12,,Train
5.31,CHEMBL4079155,Cc1cc(=O)n(-c2ccccc2F)nc1C(=O)Nc1ccc(Oc2ccnc3c2ccn3C)cc1,,Train
5.31,CHEMBL3915419,CCN(CC)Cc1ccc(-c2ccnc3ccc(-c4cnc(OC)c(NS(=O)(=O)c5ccc(F)cc5F)c4)cc23)cc1,,Train
5.32,CHEMBL3116221,COc1cc2c(Oc3ccc(N/C=C4\C(=O)NC(=O)N(c5ccccc5)C4=O)cc3F)ccnc2cc1OCCCN1CCOCC1,,Train
5.32,CHEMBL2088451,FC(F)(F)c1cccc(Cn2cc(/C=N/Nc3nc(N4CCOCC4)c4sccc4n3)c3ccccc32)c1,,Train
5.36,CHEMBL4068286,Cc1cc(=O)n(-c2ccc(F)cc2)nc1C(=O)Nc1ccc(Oc2ccnc3c2ccn3C)cc1,,Train
5.36,CHEMBL4104881,Cc1cc(=O)n(-c2ccccc2)nc1C(=O)Nc1ccc(Oc2ccnc3c2ccn3C)cc1,,Train
5.37,CHEMBL4575746,COc1cc2c(Oc3ccc(NC(=O)c4nc5ccccc5n(Cc5ccccc5)c4=O)cc3F)ccnc2cc1OCCCN1CCOCC1,,Train
5.37,CHEMBL1927617,CN(C)CCCN1C(=O)c2cccc3c2c(cc2nnn(CCO)c23)C1=O,,Train
5.38,CHEMBL343002,CCOc1ccc(-c2nc3cc(-c4nc5cc(N6CCN(C)CC6)ccc5[nH]4)ccc3[nH]2)cc1,,Train
5.41,CHEMBL2088460,CC(C)(O)c1cc2nc(N/N=C/c3cn(Cc4ccccc4F)c4ccccc34)nc(N3CCOCC3)c2s1,,Train
5.42,CHEMBL5180831,CC(C)=CCC(OC(=O)CCC(=O)Nc1ccc(Oc2ccccc2)cc1)C1=CC(=O)c2c(O)ccc(O)c2C1=O,,Train
5.44,CHEMBL1097919,CCC(CC[C@@H](C)[C@H]1[C@H](O[C@@H]2O[C@@H]([C@@H](O)COC)[C@H](O)[C@H]2O)CC2=C3[C@@H](O[C@@H]4O[C@@H]([C@@H](O)COC)[C@H](O)[C@H]4O)[C@@H](O)[C@H]4C[C@H](O)CC[C@]4(C)[C@H]3CC[C@@]21C)C(C)C,,Train
5.44,CHEMBL185,O=c1[nH]cc(F)c(=O)[nH]1,FLUOROURACIL,Train
5.44,CHEMBL4534087,COc1cc2c(Oc3ccc(NC(=O)c4nc5ccccc5n(CCc5ccccc5)c4=O)cc3F)ccnc2cc1OCCCN1CCCCC1,,Train
5.47,CHEMBL4066710,Cc1cc(=O)n(-c2cccc(F)c2)nc1C(=O)Nc1ccc(Oc2ccnc3[nH]ccc23)cc1,,Train
5.47,CHEMBL589706,Cc1ccnc(NC(c2ccc([N+](=O)[O-])cc2)c2ccc3cccnc3c2O)c1,,Train
5.49,CHEMBL3781565,COc1cc2c(Oc3ccc(NC(=O)c4c(Cl)c5ccccc5n(-c5ccc(C)cc5)c4=O)cc3F)ccnc2cc1OCCCN1CCCC1,,Train
5.49,CHEMBL4101008,Cc1ccccc1-n1nc(C(=O)Nc2ccc(Oc3ccnc4[nH]ccc34)cc2)c(C)cc1=O,,Train
5.49,CHEMBL4102463,Cc1cc(=O)n(-c2ccccc2C(F)(F)F)nc1C(=O)Nc1ccc(Oc2ccnc3[nH]ccc23)c(F)c1,,Train
5.5,CHEMBL4084013,O=C1/C(=C/c2ccc(S(F)(F)(F)(F)F)cc2)CCC/C1=C\c1ccc(S(F)(F)(F)(F)F)cc1,,Train
5.5,CHEMBL3116230,COc1cc2c(Oc3ccc(N/C=C4\C(=O)NC(=O)N(c5ccc(C)cc5)C4=O)cc3F)ccnc2cc1OCCCN1CCN(C)CC1,,Train
5.5,CHEMBL3116434,COc1cc2c(Oc3ccc(N/C=C4\C(=O)NC(=O)N(c5ccc(F)cc5)C4=O)cc3F)ccnc2cc1OCCCN1CCC(C)CC1,,Train
5.5,CHEMBL3780813,COc1cc2c(Oc3ccc(NC(=O)c4c(Cl)c5ccccc5n(-c5ccc(C)cc5)c4=O)cc3F)ccnc2cc1OCCCN1CCC(C)CC1,,Train
5.52,CHEMBL2435989,COc1cc2c(Oc3ccc(NC(=O)c4cc(-c5ccccc5F)ccn4)cc3F)ccnc2cc1OCCCN1CCOCC1,,Train
5.52,CHEMBL4475370,COc1cc2c(Oc3ccc(NC(=O)c4nc5ccccc5n(C5CCCC5)c4=O)cc3F)ccnc2cc1OCCCN1CCOCC1,,Train
5.53,CHEMBL3290909,COc1cc2c(Oc3ccc(NC(=O)c4nn(-c5ccccc5C)c(=O)cc4C)cc3F)ccnc2cc1OCCCN1CCCC1,,Train
5.53,CHEMBL3290913,COc1ccc(-n2nc(C(=O)Nc3ccc(Oc4ccnc5cc(OCCCN6CCCC6)c(OC)cc45)c(F)c3)c(C)cc2=O)cc1,,Train
5.55,CHEMBL3290897,COc1ccc(-n2nc(C(=O)Nc3ccc(Oc4ccnc5cc(OCCCN6CCC(C)CC6)c(OC)cc45)c(F)c3)c(C)cc2=O)cc1,,Train
5.55,CHEMBL3343386,COc1ccc(-n2nnc(C(=O)Nc3ccc(Oc4ccnc5cc(OCCCN6CCCCC6)c(OC)cc45)c(F)c3)c2C(F)(F)F)cc1,,Train
5.55,CHEMBL3116220,COc1cc(N2C(=O)NC(=O)/C(=C\Nc3ccc(Oc4ccnc5cc(OCCCN6CCCC6)c(OC)cc45)c(F)c3)C2=O)c(OC)cc1Cl,,Train
5.55,CHEMBL3343391,COc1cc2c(Oc3ccc(NC(=O)c4nnn(-c5ccc(C)cc5)c4C(F)(F)F)cc3F)ccnc2cc1OCCCN1CCC(C)CC1,,Train
5.56,CHEMBL4875605,COc1ccc(C)c2c1CC1(C(=O)N(C)C(=O)N1C)C1=C2C(=O)c2[nH]cc(CCNC(=O)c3ccccc3)c2C1=O,,Train
5.56,CHEMBL4437813,COc1cc2c(Oc3ccc(NC(=O)c4nc5ccccc5n(CCc5ccccc5)c4=O)cc3F)ccnc2cc1OCCCN1CCC(C)CC1,,Train
5.57,CHEMBL3343375,COc1cc2c(Oc3ccc(NC(=O)c4nnn(-c5ccc(C)cc5)c4C(F)(F)F)cc3F)ccnc2cc1OCCCN1CCOCC1,,Train
5.58,CHEMBL4078189,Cc1ccccc1-n1nc(C(=O)Nc2ccc(Oc3ccnc4[nH]ccc34)c(F)c2)c(C)cc1=O,,Train
5.6,CHEMBL3343383,COc1cc2c(Oc3ccc(NC(=O)c4nnn(-c5ccc(C)cc5)c4C(F)(F)F)cc3F)ccnc2cc1OCCCN1CCCCC1,,Train
5.6,CHEMBL1927620,COc1ccc(Nc2cc3c4c(cccc4c2)C(=O)N(CCN(C)C)C3=O)cc1,,Train
5.6,CHEMBL3290917,COc1cc2c(Oc3ccc(NC(=O)c4nn(-c5ccccc5C)c(=O)cc4C)cc3F)ccnc2cc1OCCCN1CCCCC1,,Train
5.61,CHEMBL2385200,COc1cc2c(Oc3ccc(NC(=O)c4nn(-c5cc(C)ccc5C)c5ccccc5c4=O)cc3F)ccnc2cc1OCCCN1CCCC1,,Train
5.62,CHEMBL3343378,COc1ccc(-n2nnc(C(=O)Nc3ccc(Oc4ccnc5cc(OCCCN6CCOCC6)c(OC)cc45)c(F)c3)c2C(F)(F)F)cc1,,Train
5.62,CHEMBL2435976,COc1cc2c(Oc3ccc(NC(=O)c4nccc(-c5ccc(C)cc5)n4)cc3F)ccnc2cc1OCCCN1CCOCC1,,Train
5.62,CHEMBL4537608,CC(=O)O[C@H]1C[C@@]2(C)[C@@H](C[C@@H](O)[C@H]3[C@@]4(C)CC[C@@H](OC(=O)CCN)[C@@H](C)[C@@H]4CC[C@@]32C)/C1=C(\CCC=C(C)C)C(=O)OCc1ccccc1,,Train
5.62,CHEMBL3343379,COc1cc2c(Oc3ccc(NC(=O)c4nnn(-c5ccccc5C)c4C)cc3F)ccnc2cc1OCCCN1CCCCC1,,Train
5.63,CHEMBL3262853,CN(C)CCn1cnnc1-c1cc(Oc2ccc(NC(=O)N/N=C/c3ccc(Cl)cc3Cl)cc2F)ccn1,,Train
5.64,CHEMBL4452490,COc1ccc(CCn2c(=O)c(C(=O)Nc3ccc(Oc4ccnc5cc(OCCCN6CCC(C)CC6)c(OC)cc45)c(F)c3)nc3ccccc32)cc1,,Train
5.64,CHEMBL3262849,CN(C)CCn1cnnc1-c1cc(Oc2ccc(NC(=O)N/N=C/c3ccc(F)cc3)cc2F)ccn1,,Train
5.64,CHEMBL4070918,O=C1/C(=C/c2ccc(F)c(F)c2)CSC/C1=C\c1ccc(F)c(F)c1,,Train
5.65,CHEMBL3290925,COc1cc2c(Oc3ccc(NC(=O)c4nn(-c5ccccc5C)c(=O)cc4C)cc3F)ccnc2cc1OCCCN1CCC(C)CC1,,Train
5.65,CHEMBL2430029,C[C@@H]1O[C@@H](O[C@H]2[C@H](O[C@H]3CC[C@]4(C)[C@H]5CC=C6[C@@H]7CC(C)(C)CC[C@]7(C(=O)O)CC[C@@]6(C)[C@]5(C)CC[C@H]4C3(C)C)OC[C@H](O[C@@H]3O[C@H](CO)[C@@H](O)[C@H](O)[C@H]3O)[C@@H]2O)[C@H](O)[C@H](O[C@@H]2OC[C@@H](O)[C@H](O)[C@H]2O)[C@H]1O,,Train
5.65,CHEMBL3262846,CN(C)CCn1cnnc1-c1cc(Oc2ccc(NC(=O)N/N=C/c3ccccc3)cc2F)ccn1,,Train
5.66,CHEMBL3343397,COc1cc2c(Oc3ccc(NC(=O)c4nnn(-c5ccc(C)cc5)c4C(F)(F)F)cc3F)ccnc2cc1OCCCN1CCN(C)CC1,,Train
5.67,CHEMBL4453750,COc1cc2c(Oc3ccc(NC(=O)c4nc5ccccc5n(Cc5ccc(F)cc5)c4=O)cc3F)ccnc2cc1OCCCN1CCCCC1,,Train
5.67,CHEMBL3343387,COc1cc2c(Oc3ccc(NC(=O)c4nnn(-c5ccccc5C)c4C)cc3F)ccnc2cc1OCCCN1CCC(C)CC1,,Train
5.67,CHEMBL3290900,COc1cc2c(Oc3ccc(NC(=O)c4nn(-c5ccccc5)c(=O)cc4C)cc3F)ccnc2cc1OCCCN1CCN(C)CC1,,Train
5.67,CHEMBL2385189,COc1cc2c(Oc3ccc(NC(=O)c4nn(-c5ccccc5Br)c5ccccc5c4=O)cc3F)ccnc2cc1OCCCN1CCC(C)CC1,,Train
5.68,CHEMBL4786723,Cc1ccnc(NC(c2ccc(C(F)(F)F)cc2)c2ccc3cccnc3c2O)c1,,Train
5.69,CHEMBL2436000,COc1cc2c(Oc3ccc(NC(=O)c4cc(-c5ccccc5C)ccn4)cc3F)ccnc2cc1OCCCN1CCN(C)CC1,,Train
5.69,CHEMBL3765584,O=C1c2ccccc2Nc2ccccc2N1Cc1cn(Cc2cccc(F)c2)nn1,,Train
5.7,CHEMBL3290930,COc1cc2c(Oc3ccc(NC(=O)c4nn(-c5ccccc5C)c(=O)cc4C)cc3F)ccnc2cc1OCCCN1CCOCC1,,Train
5.7,CHEMBL2392821,COc1cc2c(Oc3ccc(NC(=O)c4cc(-c5ccc(C)cc5)nc5ccc(F)cc45)cc3F)ccnc2cc1OCCCN1CCC(C)CC1,,Train
5.71,CHEMBL3290935,COc1cc2c(Oc3ccc(NC(=O)c4nn(-c5ccc(Cl)cc5)c(=O)cc4C)cc3F)ccnc2cc1OCCCN1CCOCC1,,Train
5.71,CHEMBL2385178,COc1cc2c(Oc3ccc(NC(=O)c4nn(-c5ccc(C)cc5)c5ccccc5c4=O)cc3F)ccnc2cc1OCCCN1CCOCC1,,Train
5.71,CHEMBL4453837,COc1cc2c(Oc3ccc(NC(=O)c4nc5ccccc5n(Cc5ccc(F)cc5)c4=O)cc3F)ccnc2cc1OCCCN1CCC(C)CC1,,Train
5.72,CHEMBL3262850,CN(C)CCn1cnnc1-c1cc(Oc2ccc(NC(=O)N/N=C/c3ccc(F)cc3F)cc2F)ccn1,,Train
5.72,CHEMBL4080532,Cc1cc(=O)n(-c2ccccc2C(F)(F)F)nc1C(=O)Nc1ccc(Oc2ccnc3[nH]ccc23)cc1,,Train
5.75,CHEMBL3290923,COc1cc2c(Oc3ccc(NC(=O)c4nn(-c5ccc(Cl)cc5Cl)c(=O)cc4C)cc3F)ccnc2cc1OCCCN1CCCCC1,,Train
5.75,CHEMBL2435996,COc1cc2c(Oc3ccc(NC(=O)c4cc(-c5ccc(F)cc5)ccn4)cc3F)ccnc2cc1OCCCN1CCCC1,,Train
5.75,CHEMBL3290928,COc1cc2c(Oc3ccc(NC(=O)c4nn(-c5cccc(F)c5)c(=O)cc4C)cc3F)ccnc2cc1OCCCN1CCC(C)CC1,,Train
5.75,CHEMBL3600442,COc1ncc(-c2ccc3nc(NC(=O)N(C)C)nn3c2)cc1NS(=O)(=O)c1ccc(F)cc1,,Train
5.75,CHEMBL3765646,COc1cc(Cn2cc(CN3C(=O)c4ccccc4Nc4ccccc43)nn2)cc(OC)c1OC,,Train
5.76,CHEMBL4457896,COc1cc2c(Oc3ccc(NC(=O)c4nc5ccccc5n(Cc5ccc(F)cc5)c4=O)cc3F)ccnc2cc1OCCCN1CCN(C)CC1,,Train
5.77,CHEMBL3290912,COc1cc2c(Oc3ccc(NC(=O)c4nn(-c5cccc(F)c5)c(=O)cc4C)cc3F)ccnc2cc1OCCCN1CCCC1,,Train
5.77,CHEMBL3600443,COc1ncc(-c2ccc3nc(NC(=O)N4CCCC4)nn3c2)cc1NS(=O)(=O)c1ccc(F)cc1,,Train
5.78,CHEMBL4589156,COc1cc2c(Oc3ccc(NC(=O)c4nc5ccccc5n(C5CCCCC5)c4=O)cc3F)ccnc2cc1OCCCN1CCC(C)CC1,,Train
5.79,CHEMBL3976938,COc1ncc(-c2ccc3nccc(-c4ccc(Cn5cccn5)cc4)c3c2)cc1NS(=O)(=O)c1ccc(F)cc1F,,Train
5.79,CHEMBL2385205,COc1cc2c(Oc3ccc(NC(=O)c4nn(-c5ccc(Cl)cc5)c5ccccc5c4=O)cc3F)ccnc2cc1OCCCN1CCCCC1,,Train
5.79,CHEMBL2392949,COc1cccc(-c2cc(C(=O)Nc3ccc(Oc4ccnc5cc(OCCCN6CCCCC6)c(OC)cc45)c(F)c3)c3cc(F)ccc3n2)c1,,Train
5.79,CHEMBL2385204,COc1cc2c(Oc3ccc(NC(=O)c4nn(-c5cccc(C(F)(F)F)c5)c5ccccc5c4=O)cc3F)ccnc2cc1OCCCN1CCCCC1,,Train
5.8,CHEMBL3116233,COc1cc2c(Oc3ccc(N/C=C4\C(=O)NC(=O)N(c5ccc(F)cc5F)C4=O)cc3F)ccnc2cc1OCCCN1CCN(C)CC1,,Train
5.8,CHEMBL3343363,COc1cc2c(Oc3ccc(NC(=O)c4nnn(-c5ccccc5C)c4C)cc3F)ccnc2cc1OCCCN1CCCC1,,Train
5.8,CHEMBL3290929,COc1cc2c(Oc3ccc(NC(=O)c4nn(-c5ccccc5)c(=O)cc4C)cc3F)ccnc2cc1OCCCN1CCOCC1,,Train
5.8,CHEMBL4551259,COc1cc2c(Oc3ccc(NC(=O)c4nc5ccccc5n(C5CCCC5)c4=O)cc3F)ccnc2cc1OCCCN1CCN(C)CC1,,Train
5.8,CHEMBL4473391,COc1ccc(CCn2c(=O)c(C(=O)Nc3ccc(Oc4ccnc5cc(OCCCN6CCCCC6)c(OC)cc45)c(F)c3)nc3ccccc32)cc1,,Train
5.8,CHEMBL3780259,COc1cc2c(Oc3ccc(NC(=O)c4c(Cl)c5ccccc5n(-c5ccccc5)c4=O)cc3F)ccnc2cc1OCCCN1CCCC1,,Train
5.8,CHEMBL3290904,COc1cc2c(Oc3ccc(NC(=O)c4nn(-c5cccc(F)c5)c(=O)cc4C)cc3F)ccnc2cc1OCCCN1CCN(C)CC1,,Train
5.81,CHEMBL3290906,COc1cc2c(Oc3ccc(NC(=O)c4nn(-c5ccc(Cl)cc5)c(=O)cc4C)cc3F)ccnc2cc1OCCCN1CCN(C)CC1,,Train
5.82,CHEMBL3116444,COc1cc2c(Oc3ccc(N/C=C4\C(=O)NC(=O)N(c5ccc(C)cc5)C4=O)cc3F)ccnc2cc1OCCCN1CCCCC1,,Train
5.82,CHEMBL3343371,COc1cc2c(Oc3ccc(NC(=O)c4nnn(-c5ccccc5C)c4C)cc3F)ccnc2cc1OCCCN1CCOCC1,,Train
5.82,CHEMBL1668699,CN1CCN(c2ccc3nc(-c4ccc5nc(-c6ccc(Cl)cc6Cl)[nH]c5c4)[nH]c3c2)CC1,,Train
5.83,CHEMBL2392955,COc1cc2c(Oc3ccc(NC(=O)c4cc(-c5ccccc5)nc5ccccc45)cc3F)ccnc2cc1OCCCN1CCCCC1,,Train
5.83,CHEMBL888,Nc1ccn([C@@H]2O[C@H](CO)[C@@H](O)C2(F)F)c(=O)n1,GEMCITABINE,Train
5.83,CHEMBL2385176,COc1cc2c(Oc3ccc(NC(=O)c4nn(-c5ccccc5C(F)(F)F)c5ccccc5c4=O)cc3F)ccnc2cc1OCCCN1CCOCC1,,Train
5.83,CHEMBL2392964,COc1cc2c(Oc3ccc(NC(=O)c4cc(-c5cccc(Cl)c5)nc5ccccc45)cc3F)ccnc2cc1OCCCN1CCOCC1,,Train
5.84,CHEMBL3290903,COc1cc2c(Oc3ccc(NC(=O)c4nn(-c5ccccc5OC(F)(F)F)c(=O)cc4C)cc3F)ccnc2cc1OCCCN1CCN(C)CC1,,Train
5.84,CHEMBL3290914,COc1cc2c(Oc3ccc(NC(=O)c4nn(-c5ccc(Cl)cc5)c(=O)cc4C)cc3F)ccnc2cc1OCCCN1CCCC1,,Train
5.84,CHEMBL2385174,COc1cc2c(Oc3ccc(NC(=O)c4nn(-c5ccccc5)c5ccccc5c4=O)cc3F)ccnc2cc1OCCCN1CCOCC1,,Train
5.84,CHEMBL3896400,CCN(Cc1ccc(-c2ccnc3ccc(-c4cnc(OC)c(NS(=O)(=O)c5ccc(F)cc5F)c4)cc23)cc1)C1CCCCC1,,Train
5.84,CHEMBL3343398,COc1cc2c(Oc3ccc(NC(=O)c4nnn(-c5ccccc5C(F)(F)F)c4C(F)(F)F)cc3F)ccnc2cc1OCCCN1CCN(C)CC1,,Train
5.85,CHEMBL3116242,COc1cc2c(Oc3ccc(N/C=C4\C(=O)NC(=O)N(c5ccccc5)C4=O)cc3F)ccnc2cc1OCCCN1CCC(C)CC1,,Train
5.85,CHEMBL3343395,COc1cc2c(Oc3ccc(NC(=O)c4nnn(-c5ccccc5C(F)(F)F)c4C)cc3F)ccnc2cc1OCCCN1CCN(C)CC1,,Train
5.85,CHEMBL379849,O=C1/C(=C/c2ccccc2F)CNC/C1=C\c1ccccc1F,,Train
5.85,CHEMBL3780662,COc1cc2c(Oc3ccc(NC(=O)c4c(Cl)c5ccccc5n(-c5ccccc5)c4=O)cc3F)ccnc2cc1OCCCN1CCC(C)CC1,,Train
5.85,CHEMBL3290922,COc1cc2c(Oc3ccc(NC(=O)c4nn(-c5ccc(Cl)cc5)c(=O)cc4C)cc3F)ccnc2cc1OCCCN1CCCCC1,,Train
5.85,CHEMBL2385199,COc1cc2c(Oc3ccc(NC(=O)c4nn(-c5cc(C(F)(F)F)ccc5Cl)c5ccccc5c4=O)cc3F)ccnc2cc1OCCCN1CCCC1,,Train
5.86,CHEMBL3290916,COc1cc2c(Oc3ccc(NC(=O)c4nn(-c5ccccc5)c(=O)cc4C)cc3F)ccnc2cc1OCCCN1CCCCC1,,Train
5.86,CHEMBL3262847,CN(C)CCn1cnnc1-c1cc(Oc2ccc(NC(=O)N/N=C/c3ccc(Cl)cc3)cc2F)ccn1,,Train
5.86,CHEMBL3343399,COc1cc2c(Oc3ccc(NC(=O)c4nnn(-c5ccc(F)c(F)c5)c4C(F)(F)F)cc3F)ccnc2cc1OCCCN1CCN(C)CC1,,Train
5.87,CHEMBL2435975,COc1cc2c(Oc3ccc(NC(=O)c4nccc(-c5ccccc5)n4)cc3F)ccnc2cc1OCCCN1CCOCC1,,Train
5.87,CHEMBL3290898,COc1cc2c(Oc3ccc(NC(=O)c4nn(-c5ccc(Cl)cc5)c(=O)cc4C)cc3F)ccnc2cc1OCCCN1CCC(C)CC1,,Train
5.87,CHEMBL4468114,COc1cc2c(Oc3ccc(NC(=O)c4nc5ccccc5n(CCc5ccccc5)c4=O)cc3F)ccnc2cc1OCCCN1CCOCC1,,Train
5.87,CHEMBL2392956,COc1ccc(-c2cc(C(=O)Nc3ccc(Oc4ccnc5cc(OCCCN6CCCCC6)c(OC)cc45)c(F)c3)c3ccccc3n2)cc1,,Train
5.88,CHEMBL3780522,COc1cc2c(Oc3ccc(NC(=O)c4c(Cl)c5ccccc5n(-c5ccccc5F)c4=O)cc3F)ccnc2cc1OCCCN1CCN(C)CC1,,Train
5.89,CHEMBL3290919,COc1cc2c(Oc3ccc(NC(=O)c4nn(-c5ccccc5OC(F)(F)F)c(=O)cc4C)cc3F)ccnc2cc1OCCCN1CCCCC1,,Train
5.89,CHEMBL3116446,COc1cc2c(Oc3ccc(N/C=C4\C(=O)NC(=O)N(c5ccccc5)C4=O)cc3F)ccnc2cc1OCCCN1CCCCC1,,Train
5.89,CHEMBL3780566,COc1cc2c(Oc3ccc(NC(=O)c4c(Cl)c5ccccc5n(-c5ccccc5)c4=O)cc3F)ccnc2cc1OCCCN1CCCCC1,,Train
5.89,CHEMBL3290911,COc1cc2c(Oc3ccc(NC(=O)c4nn(-c5ccccc5OC(F)(F)F)c(=O)cc4C)cc3F)ccnc2cc1OCCCN1CCCC1,,Train
5.89,CHEMBL3290932,COc1cc2c(Oc3ccc(NC(=O)c4nn(-c5ccccc5OC(F)(F)F)c(=O)cc4C)cc3F)ccnc2cc1OCCCN1CCOCC1,,Train
5.9,CHEMBL2385198,COc1cc2c(Oc3ccc(NC(=O)c4nn(-c5c(Cl)cccc5Cl)c5ccccc5c4=O)cc3F)ccnc2cc1OCCCN1CCCC1,,Train
5.9,CHEMBL4441965,COc1cc2c(Oc3ccc(NC(=O)c4nc5ccccc5n(CCc5ccccc5)c4=O)cc3F)ccnc2cc1OCCCN1CCN(C)CC1,,Train
5.91,CHEMBL3116441,COc1cc2c(Oc3ccc(N/C=C4\C(=O)NC(=O)N(c5c(C)cccc5C)C4=O)cc3F)ccnc2cc1OCCCN1CCCC1,,Train
5.91,CHEMBL3343388,COc1cc2c(Oc3ccc(NC(=O)c4nnn(-c5ccccc5)c4C)cc3F)ccnc2cc1OCCCN1CCC(C)CC1,,Train
5.91,CHEMBL4866860,COc1ccc(C)c2c1CC1(C(=O)N(C)C(=O)N1C)C1=C2C(=O)c2[nH]cc(CCNCc3ccccc3Br)c2C1=O,,Train
5.91,CHEMBL3343396,COc1cc2c(Oc3ccc(NC(=O)c4nnn(-c5ccccc5Cl)c4C(F)(F)F)cc3F)ccnc2cc1OCCCN1CCN(C)CC1,,Train
5.92,CHEMBL3343385,COc1cc2c(Oc3ccc(NC(=O)c4nnn(-c5ccc(F)c(F)c5)c4C(F)(F)F)cc3F)ccnc2cc1OCCCN1CCCCC1,,Train
5.92,CHEMBL3262851,CN(C)CCn1cnnc1-c1cc(Oc2ccc(NC(=O)N/N=C/c3ccc(F)cc3Cl)cc2F)ccn1,,Train
5.92,CHEMBL2385188,COc1cc2c(Oc3ccc(NC(=O)c4nn(-c5ccccc5F)c5ccccc5c4=O)cc3F)ccnc2cc1OCCCN1CCC(C)CC1,,Train
5.92,CHEMBL3343384,COc1cc2c(Oc3ccc(NC(=O)c4nnn(-c5ccccc5Cl)c4C(F)(F)F)cc3F)ccnc2cc1OCCCN1CCCCC1,,Train
5.93,CHEMBL3343368,COc1cc2c(Oc3ccc(NC(=O)c4nnn(-c5ccccc5C(F)(F)F)c4C(F)(F)F)cc3F)ccnc2cc1OCCCN1CCCC1,,Train
5.93,CHEMBL3290902,COc1cc2c(Oc3ccc(NC(=O)c4nn(-c5ccccc5C(F)(F)F)c(=O)cc4C)cc3F)ccnc2cc1OCCCN1CCN(C)CC1,,Train
5.94,CHEMBL3343393,COc1cc2c(Oc3ccc(NC(=O)c4nnn(-c5ccc(F)c(F)c5)c4C(F)(F)F)cc3F)ccnc2cc1OCCCN1CCC(C)CC1,,Train
5.94,CHEMBL3343376,COc1cc2c(Oc3ccc(NC(=O)c4nnn(-c5ccccc5C(F)(F)F)c4C(F)(F)F)cc3F)ccnc2cc1OCCCN1CCOCC1,,Train
5.94,CHEMBL3290918,COc1cc2c(Oc3ccc(NC(=O)c4nn(-c5ccccc5C(F)(F)F)c(=O)cc4C)cc3F)ccnc2cc1OCCCN1CCCCC1,,Train
5.94,CHEMBL2385202,COc1cc2c(Oc3ccc(NC(=O)c4nn(-c5ccccc5C(F)(F)F)c5ccccc5c4=O)cc3F)ccnc2cc1OCCCN1CCCCC1,,Train
5.94,CHEMBL1927615,CN(C)CCCN1C(=O)c2cccc3c2c(cc2nnn(C)c23)C1=O,,Train
5.94,CHEMBL3290924,Cc1cc(=O)n(-c2ccccc2)nc1C(=O)Nc1ccc(Oc2ccnc3cc(OCCCN4CCC(C)CC4)ccc23)c(F)c1,,Train
5.94,CHEMBL2392961,COc1cc2c(Oc3ccc(NC(=O)c4cc(-c5ccccc5)nc5ccccc45)cc3F)ccnc2cc1OCCCN1CCOCC1,,Train
5.95,CHEMBL3343380,COc1cc2c(Oc3ccc(NC(=O)c4nnn(-c5ccccc5)c4C)cc3F)ccnc2cc1OCCCN1CCCCC1,,Train
5.95,CHEMBL2385191,COc1cc2c(Oc3ccc(NC(=O)c4nn(-c5ccc(F)cc5)c5ccccc5c4=O)cc3F)ccnc2cc1OCCCN1CCC(C)CC1,,Train
5.95,CHEMBL3290926,COc1cc2c(Oc3ccc(NC(=O)c4nn(-c5ccccc5C(F)(F)F)c(=O)cc4C)cc3F)ccnc2cc1OCCCN1CCC(C)CC1,,Train
5.95,CHEMBL3343377,COc1cc2c(Oc3ccc(NC(=O)c4nnn(-c5ccc(F)c(F)c5)c4C(F)(F)F)cc3F)ccnc2cc1OCCCN1CCOCC1,,Train
5.95,CHEMBL2435965,COc1cc2c(Oc3ccc(NC(=O)c4nccc(-c5ccc(F)cc5)n4)cc3F)ccnc2cc1OCCCN1CCCC1,,Train
5.95,CHEMBL3601928,COc1ncc(-c2ccc3nc(NC(=O)NCCN4CCCC4)nn3c2)cc1NS(=O)(=O)c1ccc(F)cc1,,Train
5.96,CHEMBL3343382,COc1cc2c(Oc3ccc(NC(=O)c4nnn(-c5ccc(F)cc5)c4C(F)(F)F)cc3F)ccnc2cc1OCCCN1CCCCC1,,Train
5.96,CHEMBL2392951,COc1ccc(-c2cc(C(=O)Nc3ccc(Oc4ccnc5cc(OCCCN6CCCCC6)c(OC)cc45)c(F)c3)c3cc(F)ccc3n2)cc1,,Train
5.97,CHEMBL3343374,COc1cc2c(Oc3ccc(NC(=O)c4nnn(-c5ccc(F)cc5)c4C(F)(F)F)cc3F)ccnc2cc1OCCCN1CCOCC1,,Train
5.97,CHEMBL3290931,COc1cc2c(Oc3ccc(NC(=O)c4nn(-c5ccccc5C(F)(F)F)c(=O)cc4C)cc3F)ccnc2cc1OCCCN1CCOCC1,,Train
5.97,CHEMBL3780337,COc1cc2c(Oc3ccc(NC(=O)c4c(Cl)c5ccccc5n(-c5ccc(C)cc5)c4=O)cc3F)ccnc2cc1OCCCN1CCN(C)CC1,,Train
5.97,CHEMBL3343369,COc1cc2c(Oc3ccc(NC(=O)c4nnn(-c5ccc(F)c(F)c5)c4C(F)(F)F)cc3F)ccnc2cc1OCCCN1CCCC1,,Train
5.97,CHEMBL3600438,CCN(CC)CCNC(=O)Nc1nc2ccc(-c3cnc(OC)c(NS(=O)(=O)c4ccc(F)cc4F)c3)cn2n1,,Train
5.97,CHEMBL3601929,COc1ncc(-c2ccc3nc(NC(=O)NCCN4CCCCC4)nn3c2)cc1NS(=O)(=O)c1ccc(F)cc1,,Train
5.97,CHEMBL2392954,COc1cc2c(Oc3ccc(NC(=O)c4cc(-c5cccc(Cl)c5)nc5ccc(F)cc45)cc3F)ccnc2cc1OCCCN1CCOCC1,,Train
5.97,CHEMBL2385197,COc1cc2c(Oc3ccc(NC(=O)c4nn(-c5ccc(F)c(F)c5)c5ccccc5c4=O)cc3F)ccnc2cc1OCCCN1CCCC1,,Train
5.975,CHEMBL1230609,COc1cc2c(Oc3ccc(NC(=O)C4(C(=O)Nc5ccc(F)cc5)CC4)cc3F)ccnc2cc1OCCCN1CCOCC1,FORETINIB,Train
5.98,CHEMBL2385193,COc1cc2c(Oc3ccc(NC(=O)c4nn(-c5c(Cl)cccc5Cl)c5ccccc5c4=O)cc3F)ccnc2cc1OCCCN1CCC(C)CC1,,Train
5.98,CHEMBL2392952,COc1cc2c(Oc3ccc(NC(=O)c4cc(-c5ccc(Cl)cc5Cl)nc5ccc(F)cc45)cc3F)ccnc2cc1OCCCN1CCCCC1,,Train
5.98,CHEMBL2385177,COc1cc2c(Oc3ccc(NC(=O)c4nn(-c5ccccc5OC(F)(F)F)c5ccccc5c4=O)cc3F)ccnc2cc1OCCCN1CCOCC1,,Train
5.99,CHEMBL4075470,Cc1cc(=O)n(-c2ccccc2)nc1C(=O)Nc1ccc(Oc2ccnc3[nH]ccc23)cc1,,Train
6.0,CHEMBL3343364,COc1cc2c(Oc3ccc(NC(=O)c4nnn(-c5ccccc5)c4C)cc3F)ccnc2cc1OCCCN1CCCC1,,Train
6.0,CHEMBL3343373,COc1cc2c(Oc3ccc(NC(=O)c4nnn(-c5ccccc5C(F)(F)F)c4C)cc3F)ccnc2cc1OCCCN1CCOCC1,,Train
6.0,CHEMBL4753606,Oc1c(C(c2ccncc2)N2CCCCC2)ccc2ccoc12,,Train
6.0,CHEMBL2435993,COc1cc2c(Oc3ccc(NC(=O)c4cc(-c5ccccc5)ccn4)cc3F)ccnc2cc1OCCCN1CCCC1,,Train
6.0,CHEMBL3116239,COc1cc2c(Oc3ccc(N/C=C4\C(=O)NC(=O)N(c5ccc(F)c(Cl)c5)C4=O)cc3F)ccnc2cc1OCCCN1CCCCC1,,Train
6.0,CHEMBL2392823,COc1cc2c(Oc3ccc(NC(=O)c4cc(-c5cccc(Cl)c5)nc5ccc(F)cc45)cc3F)ccnc2cc1OCCCN1CCCC1,,Train
6.0,CHEMBL3600439,COc1ncc(-c2ccc3nc(NC(=O)NCC(=O)N4CCCC4)nn3c2)cc1NS(=O)(=O)c1ccc(F)cc1,,Train
6.0,CHEMBL2392965,COc1cc2c(Oc3ccc(NC(=O)c4cc(-c5ccc(C(F)(F)F)cc5)nc5ccccc45)cc3F)ccnc2cc1OCCCN1CCOCC1,,Train
6.0,CHEMBL4785968,Oc1cc2c(cc1C(c1ccc(F)cc1)N1CCCCC1)OCCO2,,Train
6.0,CHEMBL4798777,Oc1ccc2scnc2c1C(c1ccc(F)cc1)N1CCCCC1,,Train
6.01,CHEMBL2392958,COc1cc2c(Oc3ccc(NC(=O)c4cc(-c5ccc(F)cc5)nc5ccccc45)cc3F)ccnc2cc1OCCCN1CCCCC1,,Train
6.02,CHEMBL2392822,COc1cc2c(Oc3ccc(NC(=O)c4cc(-c5ccccc5)nc5ccc(F)cc45)cc3F)ccnc2cc1OCCCN1CCCC1,,Train
6.03,CHEMBL4099523,CCN1C/C(=C\c2ccc(S(F)(F)(F)(F)F)cc2)C(=O)/C(=C/c2ccc(S(F)(F)(F)(F)F)cc2)C1,,Train
6.03,CHEMBL2392824,COc1ccc(-c2cc(C(=O)Nc3ccc(Oc4ccnc5cc(OCCCN6CCCC6)c(OC)cc45)c(F)c3)c3cc(F)ccc3n2)cc1,,Train
6.04,CHEMBL3116243,COc1cc2c(Oc3ccc(N/C=C4\C(=O)NC(=O)N(c5ccc(C)cc5)C4=O)cc3F)ccnc2cc1OCCCN1CCC(C)CC1,,Train
6.04,CHEMBL2392942,COc1cc2c(Oc3ccc(NC(=O)c4cc(-c5ccccc5)nc5ccccc45)cc3F)ccnc2cc1OCCCN1CCC(C)CC1,,Train
6.07,CHEMBL3343366,COc1cc2c(Oc3ccc(NC(=O)c4nnn(-c5ccc(F)cc5)c4C(F)(F)F)cc3F)ccnc2cc1OCCCN1CCCC1,,Train
6.07,CHEMBL4877449,CC(C)OC(=O)[C@H](N)Cc1cn(C)c2ccccc12.Cl,,Train
6.08,CHEMBL136737,Cc1ncc(CNC(=O)N(CCCl)N=O)c(N)n1,NIMUSTINE,Train
6.08,CHEMBL3262848,CN(C)CCn1cnnc1-c1cc(Oc2ccc(NC(=O)N/N=C/c3cccc(Br)c3)cc2F)ccn1,,Train
6.08,CHEMBL2392820,COc1cccc(-c2cc(C(=O)Nc3ccc(Oc4ccnc5cc(OCCCN6CCC(C)CC6)c(OC)cc45)c(F)c3)c3cc(F)ccc3n2)c1,,Train
6.09,CHEMBL2435999,COc1cc2c(Oc3ccc(NC(=O)c4cc(-c5ccc(C)cc5)ccn4)cc3F)ccnc2cc1OCCCN1CCN(C)CC1,,Train
6.09,CHEMBL4472885,COc1cc2c(Oc3ccc(NC(=O)c4nc5ccccc5n(C5CCCCC5)c4=O)cc3F)ccnc2cc1OCCCN1CCOCC1,,Train
6.1,CHEMBL3290927,COc1cc2c(Oc3ccc(NC(=O)c4nn(-c5ccccc5OC(F)(F)F)c(=O)cc4C)cc3F)ccnc2cc1OCCCN1CCC(C)CC1,,Train
6.1,CHEMBL3343390,COc1cc2c(Oc3ccc(NC(=O)c4nnn(-c5ccc(F)cc5)c4C(F)(F)F)cc3F)ccnc2cc1OCCCN1CCC(C)CC1,,Train
6.1,CHEMBL4562297,CC(C)(C)NC(=O)C(c1ccc(F)cc1)N(C(=O)/C=C/C(=O)c1ccc(F)cc1)C1CC1,,Train
6.11,CHEMBL1879463,Cn1c(=O)n(-c2ccc(C(C)(C)C#N)cc2)c2c3cc(-c4cnc5ccccc5c4)ccc3ncc21,DACTOLISIB,Train
6.11,CHEMBL2435959,COc1cc2c(Oc3ccc(NC(=O)c4nccc(-c5ccc(F)cc5F)n4)cc3F)ccnc2cc1OCCCN1CCCCC1,,Train
6.11,CHEMBL2435962,COc1cc2c(Oc3ccc(NC(=O)c4nccc(-c5ccc(F)cc5F)n4)cc3F)ccnc2cc1OCCCN1CCN(C)CC1,,Train
6.12,CHEMBL4066684,Cc1cc(=O)n(-c2ccc(F)cc2)nc1C(=O)Nc1ccc(Oc2ccnc3[nH]ccc23)c(F)c1,,Train
6.12,CHEMBL4517377,COc1cc2c(Oc3ccc(NC(=O)c4nc5ccccc5n(C5CCCCC5)c4=O)cc3F)ccnc2cc1OCCCN1CCCCC1,,Train
6.12,CHEMBL3601927,COc1ncc(-c2ccc3nc(NC(=O)NCCN4CCN(C)CC4)nn3c2)cc1NS(=O)(=O)c1ccc(F)cc1,,Train
6.12,CHEMBL3600436,CCN(CC)CCNC(=O)Nc1nc2ccc(-c3cnc(OC)c(NS(=O)(=O)c4ccc(Cl)cc4)c3)cn2n1,,Train
6.13,CHEMBL3600440,COc1ncc(-c2ccc3nc(NC(=O)NCC(=O)N4CCCCC4)nn3c2)cc1NS(=O)(=O)c1ccc(F)cc1,,Train
6.14,CHEMBL2385190,COc1cc2c(Oc3ccc(NC(=O)c4nn(-c5cccc(C(F)(F)F)c5)c5ccccc5c4=O)cc3F)ccnc2cc1OCCCN1CCC(C)CC1,,Train
6.14,CHEMBL3263125,CN(C)CCn1cnnc1-c1cc(Oc2ccc(NC(=O)N/N=C/c3ccc4c(c3)OCO4)cc2F)ccn1,,Train
6.14,CHEMBL1256616,Cc1ncc(CNC(=O)N(CCCl)N=O)c(N)n1.Cl,NIMUSTINE HYDROCHLORIDE,Train
6.14,CHEMBL3601925,CCN(CC)CCNC(=O)Nc1nc2ccc(-c3cnc(OC)c(NS(=O)(=O)c4ccc(F)cc4)c3)cn2n1,,Train
6.16,CHEMBL3263124,CN(C)CCn1cnnc1-c1cc(Oc2ccc(NC(=O)N/N=C/c3c[nH]c4ccccc34)cc2F)ccn1,,Train
6.17,CHEMBL3116218,COc1cc2c(Oc3ccc(N/C=C4\C(=O)NC(=O)N(c5ccc(F)c(Cl)c5)C4=O)cc3F)ccnc2cc1OCCCN1CCCC1,,Train
6.17,CHEMBL3600437,CCN(CC)CCNC(=O)Nc1nc2ccc(-c3cnc(OC)c(NS(=O)(=O)c4ccc(C)cc4)c3)cn2n1,,Train
6.19,CHEMBL3116440,COc1cc2c(Oc3ccc(N/C=C4\C(=O)NC(=O)N(c5ccc(C)cc5)C4=O)cc3F)ccnc2cc1OCCCN1CCCC1,,Train
6.19,CHEMBL3780556,COc1cc2c(Oc3ccc(NC(=O)c4c(Cl)c5ccccc5n(-c5ccc(F)cc5)c4=O)cc3F)ccnc2cc1OCCCN1CCCC1,,Train
6.19,CHEMBL3601921,CNC(=O)Nc1nc2ccc(-c3cnc(OC)c(NS(=O)(=O)c4ccc(F)cc4)c3)cn2n1,,Train
6.21,CHEMBL1927621,CN(C)CCN1C(=O)c2cccc3cc(Nc4ccc([N+](=O)[O-])cc4)cc(c23)C1=O,,Train
6.21,CHEMBL3259853,CN(C)CCn1cnnc1-c1cc(Oc2ccc(NC(=O)N/N=C/c3c(O)ccc4ccccc34)cc2F)ccn1,,Train
6.22,CHEMBL3904493,COc1ncc(-c2ccc3nccc(-c4ccc(Cn5ccnc5)cc4)c3c2)cc1NS(=O)(=O)c1ccc(F)cc1F,,Train
6.24,CHEMBL3116226,COc1cc2c(Oc3ccc(N/C=C4\C(=O)NC(=O)N(c5ccc(F)c(Cl)c5)C4=O)cc3F)ccnc2cc1OCCCN1CCOCC1,,Train
6.24,CHEMBL1951709,CC(C)=C1CC=C([C@H]2CC[C@]3(C)[C@@H]2CC[C@@H]2[C@@]4(C)CC[C@H](O)C(C)(C)[C@@H]4CC[C@]23C)C1=O,GYPENSAPOGENIN C,Train
6.24,CHEMBL2392967,COc1cc2c(Oc3ccc(NC(=O)c4cc(-c5cccc(Cl)c5)nc5ccccc45)cc3F)ccnc2cc1OCCCN1CCC(C)CC1,,Train
6.25,CHEMBL2435994,COc1cc2c(Oc3ccc(NC(=O)c4cc(-c5ccc(C)cc5)ccn4)cc3F)ccnc2cc1OCCCN1CCCC1,,Train
6.25,CHEMBL4543837,COc1cc2c(Oc3ccc(NC(=O)c4nc5ccccc5n(C5CCCCC5)c4=O)cc3F)ccnc2cc1OCCCN1CCN(C)CC1,,Train
6.27,CHEMBL1236962,COc1ncc(-c2ccc3nccc(-c4ccnnc4)c3c2)cc1NS(=O)(=O)c1ccc(F)cc1F,OMIPALISIB,Train
6.27,CHEMBL3601923,COc1ncc(-c2ccc3nc(NC(=O)NC4CC4)nn3c2)cc1NS(=O)(=O)c1ccc(F)cc1,,Train
6.28,CHEMBL3780676,COc1cc2c(Oc3ccc(NC(=O)c4c(Cl)c5ccccc5n(-c5ccc(F)cc5)c4=O)cc3F)ccnc2cc1OCCCN1CCN(C)CC1,,Train
6.28,CHEMBL3262866,CN(C)CCn1cnnc1-c1cc(Oc2ccc(NC(=O)N/N=C/c3cc(C(C)(C)C)cc(C(C)(C)C)c3O)cc2F)ccn1,,Train
6.3,CHEMBL65,CC[C@@]1(O)C(=O)OCc2c1cc1n(c2=O)Cc2cc3ccccc3nc2-1,CAMPTOTHECIN,Train
6.31,CHEMBL2385201,COc1cc2c(Oc3ccc(NC(=O)c4nn(-c5ccccc5Cl)c5ccccc5c4=O)cc3F)ccnc2cc1OCCCN1CCCCC1,,Train
6.34,CHEMBL4577957,COc1ccc(C(C(=O)NC(C)(C)C)N(C(=O)/C=C/C(=O)c2ccc(C)cc2)C(C)C)cc1,,Train
6.35,CHEMBL1927610,CN(C)CCN1C(=O)c2cccc3c2c(cc2nnn(C)c23)C1=O,,Train
6.38,CHEMBL3601922,CCCNC(=O)Nc1nc2ccc(-c3cnc(OC)c(NS(=O)(=O)c4ccc(F)cc4)c3)cn2n1,,Train
6.43,CHEMBL1927618,CN(C)CCCN1C(=O)c2cccc3c2c(cc2nnn(CCN(C)C)c23)C1=O,,Train
6.47,CHEMBL3942320,COc1ncc(-c2ccc3nccc(-c4ccc(CN5CCN(C)CC5)cc4)c3c2)cc1NS(=O)(=O)c1ccc(F)cc1F,,Train
6.52,CHEMBL1927619,CN(C)CCCN1C(=O)c2cccc3c2c(cc2nnn(CCCN(C)C)c23)C1=O,,Train
6.59,CHEMBL3905333,CNCCN(C)Cc1ccc(-c2ccnc3ccc(-c4cnc(OC)c(NS(=O)(=O)c5ccc(F)cc5F)c4)cc23)cc1,,Train
6.8,CHEMBL3933347,COc1ncc(-c2ccc3nccc(-c4ccc(CN5CCCC5)cc4)c3c2)cc1NS(=O)(=O)c1ccc(F)cc1F,,Train
6.82,CHEMBL2392959,COc1cc2c(Oc3ccc(NC(=O)c4cc(-c5cccc(Cl)c5)nc5ccccc45)cc3F)ccnc2cc1OCCCN1CCCCC1,,Train
6.84,CHEMBL3924412,COc1ncc(-c2ccc3nccc(-c4ccc(CN(CCO)CCO)cc4)c3c2)cc1NS(=O)(=O)c1ccc(F)cc1F,,Train
6.85,CHEMBL1927614,CN(C)CCCn1nnc2cc3c4c(cccc4c21)C(=O)N(CCN(C)C)C3=O,,Train
6.89,CHEMBL1927613,CN(C)CCN1C(=O)c2cccc3c2c(cc2nnn(CCN(C)C)c23)C1=O,,Train
7.17,CHEMBL321336,N#CC1=C(N)Oc2c(ccc3ccccc23)C1c1cccc([N+](=O)[O-])c1,,Train
7.28,CHEMBL5203253,COc1cc(C2C(C#N)=C(N)Oc3c2ccc2ccccc32)cc(OC)c1OC(C)C,,Train
7.33,CHEMBL5176572,CCCCOc1c(OC)cc(C2C(C#N)=C(N)Oc3c2ccc2ccccc32)cc1OC,,Train
7.4,CHEMBL3985009,COc1ncc(-c2ccc3nccc(-c4ccc(Cn5ccnc5C)cc4)c3c2)cc1NS(=O)(=O)c1ccc(F)cc1F,,Train
7.56,CHEMBL5176963,CCCOc1c(OC)cc(C2C(C#N)=C(N)Oc3c2ccc2ccccc32)cc1OC,,Train
7.62,CHEMBL2419658,COc1cc2c(Oc3ccc(NC(=O)N/N=C/c4ccc(Cl)cc4)cc3F)ccnc2cc1OCCCN1CCCCC1,,Train
7.67,CHEMBL3951052,COc1ncc(-c2ccc3nccc(-c4ccc(CN5CCN(CCO)CC5)cc4)c3c2)cc1NS(=O)(=O)c1ccc(F)cc1F,,Train
7.72,CHEMBL2419656,COc1cc2c(Oc3ccc(NC(=O)N/N=C/c4ccc(F)cc4)cc3F)ccnc2cc1OCCCN1CCCCC1,,Train
7.97,CHEMBL5184353,CCOc1c(OC)cc(C2C(C#N)=C(N)Oc3c2ccc2ccccc32)cc1OC,,Train
8.01,CHEMBL2419669,COc1cc2c(Oc3ccc(NC(=O)N/N=C/c4ccc(F)cc4F)cc3F)ccnc2cc1OCCCN1CCC(C)CC1,,Train
8.24,CHEMBL5198083,C=CCOc1c(OC)cc(C2C(C#N)=C(N)Oc3c2ccc2ccccc32)cc1OC,,Train
8.28,CHEMBL228363,COc1cc(C2C(C#N)=C(N)Oc3c2ccc2ccccc32)cc(OC)c1OC,,Train
